empleado_id,horas_semana,indice_compromiso,horas_fuera_horario_semana,minutos_reunion_semana,mensajes_dia,contactos_distintos_mes,horas_capacitacion_mes,agotamiento,recomendaria_0a10
1,39.8,50.9,3.1,384,44,12,0.0,4.8,4
2,45.2,44.2,2.4,218,0,7,0.0,3.7,2
3,52.8,63.3,4.0,531,28,19,0.0,4.8,8
4,39.4,100.0,0.0,381,37,25,15.9,1.6,7
5,52.0,85.4,1.9,684,58,37,4.2,1.9,6
6,42.8,28.3,0.0,669,7,0,0.0,3.5,2
7,48.7,67.8,2.9,335,75,31,3.4,2.9,7
8,51.8,33.1,8.4,507,42,15,1.4,4.4,3
9,32.9,72.4,7.1,248,51,28,11.9,3.1,7
10,53.7,78.1,6.9,520,35,41,3.8,3.0,6
11,36.8,84.3,3.0,214,40,9,6.8,2.2,6
12,46.2,83.0,7.2,849,60,26,6.1,2.7,8
13,48.4,91.6,3.9,568,68,40,6.6,4.7,4
14,56.9,75.8,7.4,350,69,34,0.0,3.4,7
15,47.4,81.1,5.2,387,44,37,5.7,3.7,8
16,37.4,17.2,0.3,0,0,3,0.0,4.0,3
17,60.4,38.0,12.3,724,25,41,0.0,4.5,3
18,34.5,25.2,0.0,0,7,5,6.0,4.0,1
19,52.5,82.3,6.3,213,67,31,0.0,4.5,7
20,38.9,71.0,5.6,414,70,15,10.4,2.2,8
21,39.6,26.1,1.3,0,3,15,0.0,3.1,3
22,51.1,78.6,2.1,737,76,27,0.0,1.9,8
23,58.4,41.7,5.2,982,29,5,3.6,5.8,1
24,49.4,85.4,0.0,509,66,61,0.0,3.7,7
25,48.3,78.0,3.1,816,72,38,0.0,3.8,10
26,40.2,84.0,0.0,614,35,11,13.1,2.0,7
27,54.0,81.9,5.4,340,20,34,1.9,1.1,10
28,55.0,49.1,10.4,1137,17,8,4.7,3.0,3
29,56.8,52.7,9.3,886,22,8,0.0,5.8,6
30,46.2,72.0,8.1,911,55,11,5.7,1.5,5
31,40.7,80.2,3.2,290,37,16,11.0,1.4,8
32,53.0,82.1,5.7,194,65,40,0.0,2.3,6
33,54.5,33.9,2.1,1516,40,24,0.0,6.8,4
34,38.2,37.2,0.0,516,0,14,2.5,3.8,4
35,59.2,36.9,6.8,561,31,17,0.0,6.2,1
36,47.4,77.6,0.0,394,50,30,1.4,4.0,9
37,47.6,93.8,0.0,503,57,26,4.7,3.4,8
38,37.2,79.5,0.0,439,25,8,11.7,1.0,6
39,53.7,84.2,3.1,396,60,24,2.3,4.0,6
40,38.0,70.7,2.9,75,51,0,8.3,3.0,10
41,32.6,33.2,1.2,658,15,13,1.7,5.3,5
42,37.4,35.6,3.4,163,2,24,0.0,5.3,4
43,48.1,80.2,3.1,669,76,43,1.3,3.4,5
44,45.5,17.0,0.2,525,1,26,0.0,3.8,3
45,41.1,47.0,0.0,319,22,15,0.0,5.2,3
46,63.8,29.1,9.0,357,20,13,3.0,6.4,4
47,55.6,68.9,4.6,773,50,23,7.6,3.0,8
48,27.0,34.9,1.3,172,0,15,0.0,4.9,3
49,39.0,39.8,0.0,0,0,1,0.7,4.6,3
50,55.1,67.9,2.9,429,46,33,0.0,3.5,8
51,37.3,34.5,0.0,523,13,19,1.5,3.7,5
52,48.3,83.2,6.6,429,44,45,5.4,3.3,8
53,50.5,80.7,6.9,392,72,27,4.0,2.7,10
54,50.0,78.7,0.0,1086,39,35,6.0,3.0,7
55,36.1,53.3,2.0,664,20,9,4.0,2.6,3
56,54.1,73.8,6.2,614,92,43,5.5,3.5,7
57,45.3,80.6,3.8,590,79,36,6.9,3.6,8
58,35.6,71.5,1.6,717,33,10,6.1,3.2,8
59,54.6,68.8,0.9,404,78,27,1.3,3.1,7
60,45.6,62.8,3.4,696,55,11,18.9,2.8,9
61,41.5,84.6,0.0,278,73,15,15.0,3.4,5
62,39.5,79.0,3.2,885,60,16,7.3,3.5,6
63,46.6,79.9,1.1,857,24,40,3.4,3.9,6
64,58.7,46.1,8.8,1271,37,26,7.2,6.5,6
65,59.6,35.8,9.8,456,20,18,0.0,4.9,4
66,54.4,51.2,9.6,756,23,20,0.0,5.5,6
67,31.4,37.0,0.1,761,3,11,4.9,4.5,2
68,50.8,88.1,5.5,476,37,44,0.2,3.8,9
69,37.4,84.0,0.0,666,48,12,14.0,2.1,6
70,54.4,77.6,1.4,1257,67,56,1.1,1.0,6
71,37.3,43.9,1.4,0,24,11,3.5,3.3,5
72,48.2,78.9,1.9,456,47,44,4.5,3.8,6
73,55.4,39.2,8.9,1139,28,0,5.8,6.8,6
74,51.6,77.2,4.3,892,60,40,8.2,3.9,9
75,39.4,80.9,0.7,89,46,24,10.9,3.1,5
76,46.8,74.5,2.4,99,48,34,5.8,3.7,7
77,54.0,78.4,5.0,601,43,31,0.0,2.9,6
78,61.9,37.1,8.7,1315,13,20,0.1,7.0,6
79,47.7,92.9,0.6,720,68,34,4.3,1.0,9
80,64.1,43.7,2.7,703,33,26,0.0,4.6,3
81,47.1,77.6,3.6,1046,48,28,5.9,3.4,9
82,35.3,26.7,0.0,568,0,0,1.0,4.2,3
83,41.9,90.3,1.1,705,72,47,8.9,3.2,8
84,60.8,33.2,7.7,672,8,3,0.0,5.1,4
85,43.4,30.1,2.3,457,49,12,0.0,4.7,3
86,38.8,32.6,2.0,159,9,28,0.0,3.9,2
87,51.6,75.3,5.8,209,64,33,0.2,3.6,7
88,34.7,30.7,0.4,324,8,15,1.0,4.4,3
89,58.9,28.8,13.1,447,47,28,5.9,4.5,4
90,61.4,31.7,12.9,370,70,23,4.4,6.6,6
91,36.6,87.2,0.0,138,62,17,11.2,2.8,8
92,37.5,33.7,5.3,351,3,15,0.0,4.3,3
93,48.6,69.0,8.1,716,67,30,3.8,3.4,7
94,36.7,38.2,0.0,0,33,9,2.9,4.8,3
95,48.3,72.5,3.8,875,81,45,8.8,2.8,6
96,59.4,81.9,5.6,426,81,29,1.2,3.7,8
97,54.3,74.1,0.0,176,53,34,8.8,3.8,7
98,42.0,75.1,6.1,415,69,37,0.0,1.1,7
99,30.6,32.3,0.0,565,0,5,4.0,4.7,3
100,37.0,82.3,0.0,69,56,23,12.0,3.2,6
101,32.7,32.5,0.3,162,16,13,0.7,3.2,2
102,54.2,77.0,1.7,304,53,49,1.7,2.8,8
103,38.8,89.7,1.9,480,38,4,10.9,3.0,8
104,62.3,54.7,9.9,485,26,26,2.6,5.2,5
105,56.2,74.6,2.2,1215,56,41,4.2,2.1,7
106,37.8,25.9,1.0,0,7,18,0.0,5.1,0
107,60.2,44.1,11.5,1253,36,39,4.0,5.3,3
108,56.4,69.7,3.3,555,55,24,3.5,1.6,10
109,50.0,79.8,2.9,527,42,38,4.3,3.0,5
110,53.2,37.3,10.2,533,19,16,1.8,5.3,3
111,39.3,38.7,1.5,98,15,0,3.5,6.8,2
112,51.7,71.2,3.1,665,28,29,6.7,4.7,7
113,52.7,39.7,10.1,348,47,25,0.0,5.9,2
114,54.6,72.0,0.5,756,55,53,5.4,2.8,8
115,55.3,77.0,1.1,748,70,13,4.2,5.1,7
116,47.3,36.1,0.0,562,13,4,0.0,4.5,3
117,58.9,41.5,13.1,626,19,25,0.0,5.1,5
118,47.5,68.6,6.6,398,59,9,1.3,3.4,6
119,47.8,75.8,4.7,197,54,18,2.4,1.6,5
120,41.6,54.3,0.7,649,48,26,15.3,3.5,6
121,30.2,26.3,0.0,433,15,13,3.9,3.5,3
122,53.2,43.0,11.1,937,42,15,6.7,6.4,2
123,48.4,66.7,2.5,437,27,21,3.7,2.0,8
124,60.9,43.3,12.6,311,22,10,0.0,4.8,4
125,53.1,33.2,7.1,1011,35,35,3.3,5.7,4
126,48.5,64.7,5.4,83,42,27,4.9,2.8,8
127,57.2,38.5,10.4,481,44,24,0.0,5.9,4
128,50.3,65.0,3.0,185,52,36,4.4,4.8,9
129,60.2,24.5,10.7,567,29,21,0.0,6.9,4
130,57.0,70.0,0.3,875,66,35,2.3,4.0,10
131,40.2,75.5,0.1,549,45,25,8.3,3.1,6
132,47.6,75.5,0.0,588,63,24,6.7,2.3,9
133,52.1,64.1,6.3,391,54,35,4.9,2.5,8
134,51.5,79.0,0.1,86,55,30,0.0,3.7,8
135,51.9,63.6,6.1,497,60,31,3.1,3.6,8
136,53.2,77.6,0.9,101,53,26,5.1,4.2,8
137,51.8,35.2,11.9,990,45,23,2.3,4.6,6
138,51.8,72.0,6.2,673,83,27,0.0,2.3,7
139,51.6,70.1,0.1,699,46,38,3.2,2.0,7
140,47.2,83.2,3.0,356,59,38,4.2,3.2,8
141,48.5,66.7,5.5,553,50,28,15.3,3.4,7
142,47.0,80.9,0.8,511,54,44,4.1,3.4,6
143,52.7,87.0,5.7,391,61,46,3.2,1.8,6
144,43.2,71.4,0.0,682,48,16,0.7,2.6,6
145,55.2,23.0,14.2,559,35,27,3.3,5.9,2
146,49.4,71.7,5.4,62,47,39,2.0,1.4,9
147,33.3,78.8,0.0,436,59,11,9.8,2.7,5
148,54.1,75.2,0.8,599,87,51,7.5,3.6,8
149,47.3,72.7,4.9,334,28,23,0.0,3.6,7
150,57.0,30.2,6.5,301,36,26,0.0,5.8,4
151,52.2,85.3,7.3,70,58,30,6.0,3.8,8
152,37.7,40.2,4.3,471,0,13,0.0,4.5,3
153,50.7,80.5,0.0,427,64,35,0.6,1.1,10
154,55.2,45.0,11.8,413,20,10,6.4,3.5,4
155,59.2,44.7,10.0,813,18,16,2.7,5.8,4
156,51.3,74.0,3.8,718,74,38,0.0,4.3,9
157,57.0,73.0,2.5,525,87,36,0.0,2.2,7
158,37.1,40.9,0.0,0,0,5,0.0,4.4,2
159,41.7,25.2,1.6,676,0,11,0.0,4.3,5
160,44.4,22.3,10.8,924,29,22,0.0,5.2,4
161,33.2,13.0,3.1,422,6,18,4.9,4.6,2
162,51.0,84.2,1.9,718,44,28,3.4,4.0,8
163,36.0,31.4,0.0,0,27,15,0.0,5.3,1
164,53.6,65.9,0.6,198,48,28,1.5,3.0,10
165,58.5,39.2,15.2,1251,21,16,3.9,5.4,3
166,45.8,62.9,4.9,540,42,22,0.7,1.8,6
167,39.6,80.8,3.2,417,51,14,12.8,2.9,6
168,56.5,30.3,9.2,797,44,29,2.1,5.1,5
169,37.1,18.7,1.3,556,5,17,6.6,4.5,3
170,44.8,72.6,0.2,453,66,49,4.3,2.7,6
171,37.2,34.2,2.4,185,30,12,3.1,6.0,1
172,38.9,66.5,0.0,506,49,8,16.5,2.4,9
173,35.9,80.5,2.8,450,42,0,13.8,2.0,7
174,62.6,50.0,8.0,358,51,11,3.6,4.5,4
175,30.6,42.3,0.0,133,11,0,1.4,5.4,5
176,55.9,35.1,11.5,1052,38,8,4.5,5.6,5
177,49.5,88.0,2.4,487,67,42,3.7,2.6,9
178,51.1,83.2,0.6,1024,54,25,0.0,2.1,9
179,35.7,72.1,3.2,757,17,23,10.1,1.7,6
180,42.7,19.9,5.1,506,8,5,2.2,5.2,4
181,59.1,47.8,8.7,519,25,23,5.3,5.4,5
182,42.2,74.0,2.0,398,10,18,15.6,1.4,7
183,61.4,24.6,12.0,1222,58,3,2.6,5.8,5
184,48.3,78.1,2.6,561,53,35,4.4,2.8,8
185,41.0,37.8,0.0,484,35,5,0.0,3.9,3
186,58.7,40.6,11.2,1150,26,15,4.8,5.8,6
187,53.5,74.1,2.7,693,45,36,0.0,2.8,8
188,35.5,82.3,0.8,185,67,37,10.0,3.2,6
189,57.2,69.8,0.6,181,97,38,0.0,1.0,8
190,49.4,33.0,8.7,787,46,26,1.7,6.2,4
191,40.8,85.3,4.4,432,20,17,10.8,3.6,8
192,49.7,82.2,2.2,292,50,24,4.4,2.8,9
193,39.0,25.5,1.7,102,16,0,6.4,5.8,4
194,43.0,92.4,0.0,468,31,18,9.9,3.0,9
195,54.5,79.0,1.9,557,57,34,1.5,4.1,8
196,52.9,43.6,7.6,1148,35,17,3.8,4.8,6
197,36.4,28.4,0.0,444,18,0,0.0,4.8,7
198,40.2,26.1,0.0,140,26,11,0.3,4.0,4
199,35.7,83.7,3.0,561,66,17,13.7,2.7,7
200,44.9,89.6,7.1,800,87,27,0.4,3.1,7
201,45.9,76.3,6.2,911,69,45,0.5,2.7,10
202,34.4,67.1,2.4,385,38,19,16.6,1.6,6
203,53.5,80.1,3.8,496,32,17,4.4,2.8,8
204,49.2,70.7,6.3,576,50,27,0.0,3.6,8
205,54.0,75.1,0.0,801,73,29,0.0,3.0,8
206,51.5,85.5,0.0,552,74,38,5.7,3.2,7
207,61.3,32.4,7.7,308,41,35,3.7,3.9,6
208,30.1,27.6,3.8,186,14,20,6.5,4.1,1
209,45.8,79.5,3.0,909,50,36,4.4,4.0,6
210,34.8,32.4,0.0,379,6,20,7.7,2.4,2
211,43.4,71.7,1.7,843,36,4,12.4,2.5,7
212,51.9,60.6,0.7,310,56,27,2.3,1.9,5
213,49.8,91.6,0.7,142,57,25,0.0,2.2,10
214,51.0,70.1,4.9,473,42,25,3.9,2.0,7
215,51.3,75.2,7.7,484,49,42,4.4,2.8,5
216,55.8,39.5,10.7,895,14,30,4.5,4.7,3
217,48.4,82.2,2.9,4,44,37,4.6,3.4,8
218,28.9,26.7,0.0,0,17,0,6.5,3.9,4
219,37.7,32.9,0.0,92,0,2,0.0,5.2,2
220,56.2,75.1,6.8,66,65,53,7.1,4.1,8
221,33.7,34.9,0.0,112,17,0,1.1,5.5,3
222,52.4,80.2,1.9,764,45,26,8.3,2.8,9
223,41.0,36.7,3.0,636,11,12,3.5,4.5,6
224,57.9,37.7,15.7,673,41,29,5.0,6.1,5
225,43.6,74.7,3.1,561,70,37,5.3,2.6,9
226,54.4,82.7,2.1,815,27,41,0.0,1.4,7
227,39.3,35.2,0.8,151,16,15,0.0,3.1,4
228,37.1,45.7,0.0,493,0,0,0.0,4.8,2
229,36.9,25.5,0.4,237,14,13,0.3,4.3,4
230,42.5,47.7,0.0,408,12,4,4.7,4.2,2
231,48.1,62.6,0.0,535,57,33,0.0,1.9,9
232,37.6,70.3,1.2,825,54,16,18.1,2.4,5
233,42.4,28.8,0.0,38,0,20,0.0,3.7,2
234,56.8,83.2,1.1,624,35,32,2.5,4.5,9
235,34.9,25.2,0.0,127,0,17,4.4,3.0,3
236,47.9,90.3,0.0,101,64,31,6.2,2.1,7
237,34.1,20.3,2.4,183,10,22,0.0,3.0,5
238,40.0,17.8,1.6,489,6,14,0.0,3.9,3
239,31.5,42.1,5.2,702,14,7,4.9,4.7,3
240,49.3,50.9,0.0,405,42,34,8.1,4.1,9
241,46.8,76.2,6.2,565,51,28,0.0,4.0,5
242,53.1,41.5,9.3,926,43,30,0.0,4.7,5
243,40.8,26.6,3.7,534,14,18,1.1,4.5,5
244,51.0,85.3,0.0,415,88,32,4.6,3.7,4
245,53.0,87.8,3.1,550,43,36,7.3,3.2,7
246,44.0,70.5,3.2,718,62,34,10.6,3.6,8
247,53.2,31.2,9.9,897,43,25,3.9,5.0,3
248,33.4,88.7,0.0,941,38,34,15.0,1.3,9
249,55.6,34.9,9.3,948,38,13,0.0,5.5,1
250,57.8,29.7,13.1,548,48,23,2.2,4.6,6
251,50.9,88.3,0.0,517,48,39,7.2,3.4,6
252,46.8,44.2,14.3,1095,45,20,0.0,5.6,1
253,54.2,90.7,0.7,534,51,31,3.9,1.9,6
254,42.8,38.5,0.3,103,23,0,0.0,5.7,4
255,32.9,32.5,0.0,298,22,5,0.8,3.3,2
256,53.6,85.9,1.6,426,44,30,1.4,2.9,8
257,47.6,43.4,0.0,181,0,3,1.8,4.4,1
258,35.2,37.0,2.2,774,29,19,0.5,4.3,1
259,35.4,95.7,1.8,319,46,0,12.3,2.6,6
260,35.1,39.8,0.0,437,8,9,5.5,4.2,2
261,57.9,39.8,12.1,648,23,13,2.4,5.4,6
262,53.8,73.8,0.0,1239,65,24,5.4,3.7,5
263,56.9,93.8,0.5,306,63,23,0.5,2.5,8
264,44.5,79.6,1.6,923,52,43,0.0,1.8,8
265,51.3,72.8,4.4,540,56,31,3.2,3.8,10
266,36.0,86.4,6.3,252,52,25,16.1,2.6,7
267,45.2,73.7,4.8,646,77,32,4.0,2.4,9
268,48.9,47.5,7.6,951,40,19,0.0,6.2,2
269,42.5,32.3,0.0,300,41,2,3.4,6.5,6
270,46.9,81.2,0.0,623,53,39,3.5,3.1,7
271,31.0,36.5,0.7,743,15,1,0.0,4.5,3
272,50.2,41.0,6.6,298,30,18,2.9,4.7,6
273,47.5,49.2,10.2,909,26,19,0.0,6.2,5
274,56.6,33.7,12.0,437,51,14,5.4,5.8,2
275,48.8,80.4,7.3,140,81,32,5.4,3.1,6
276,36.4,44.0,0.8,124,6,3,1.1,4.2,4
277,63.0,33.7,12.6,948,49,17,0.6,6.3,6
278,59.4,31.5,8.0,1048,22,30,2.8,5.4,4
279,57.8,42.1,6.7,729,38,10,1.0,7.0,3
280,32.9,33.7,0.8,585,29,0,1.3,2.7,2
281,50.0,13.8,5.5,434,49,14,0.0,4.5,2
282,55.0,25.8,11.0,835,35,27,7.0,6.8,2
283,60.8,27.3,11.3,397,21,22,0.0,4.5,7
284,59.4,37.1,12.0,331,32,13,0.0,5.4,6
285,40.3,34.9,2.5,334,38,3,0.0,6.1,2
286,54.0,28.9,9.3,554,54,30,0.0,5.2,6
287,53.0,65.7,4.5,247,34,30,10.1,4.5,6
288,40.3,24.7,0.8,294,20,10,0.0,4.8,3
289,32.9,24.2,2.5,143,0,17,0.0,4.7,1
290,57.4,35.2,12.0,636,42,14,0.6,5.6,4
291,49.9,65.3,1.7,556,30,23,1.4,3.3,4
292,39.1,86.7,0.3,575,48,9,17.8,2.5,8
293,51.3,87.8,2.4,593,30,29,0.0,3.7,8
294,56.4,80.1,0.6,695,58,29,0.4,4.5,7
295,37.7,11.6,0.0,170,22,19,7.8,5.2,3
296,53.7,36.7,9.1,463,16,9,1.5,6.1,3
297,61.1,49.1,11.1,1092,41,28,1.9,6.9,5
298,55.3,40.0,8.3,924,24,3,2.4,6.9,4
299,32.0,90.2,0.0,5,39,15,10.7,1.5,10
300,49.8,84.8,0.0,274,72,29,2.1,4.6,6
301,56.4,66.6,4.4,844,34,48,7.6,3.0,5
302,55.8,90.4,2.9,828,52,27,0.0,1.1,8
303,56.0,38.6,8.0,464,32,6,4.3,5.5,3
304,49.9,72.0,0.7,637,51,28,4.0,3.5,9
305,40.2,78.5,4.0,879,49,9,15.3,3.6,6
306,49.3,36.4,6.8,1301,37,8,1.7,6.3,4
307,66.8,31.6,8.7,790,43,25,1.9,5.5,7
308,35.3,31.1,0.0,49,7,7,0.0,3.8,3
309,57.2,90.9,2.2,351,53,46,2.6,4.5,6
310,43.0,74.7,6.0,839,78,23,5.6,2.7,8
311,34.1,36.3,1.1,0,21,11,3.4,4.5,1
312,53.4,77.9,0.0,135,60,36,0.0,2.9,7
313,40.3,72.9,5.0,383,44,0,16.0,2.9,6
314,57.1,42.1,8.5,690,23,18,0.1,4.7,1
315,49.8,68.3,5.2,494,45,55,9.7,3.3,6
316,50.3,69.1,7.3,215,72,19,11.9,3.3,10
317,58.0,42.0,4.8,88,40,20,0.0,6.9,4
318,36.2,70.6,3.5,626,41,16,7.3,2.6,6
319,49.2,68.4,1.7,414,78,26,0.9,2.0,7
320,58.5,28.4,13.1,584,33,27,4.6,5.3,4
321,52.9,70.0,0.0,564,32,33,0.8,3.5,6
322,37.8,46.5,0.0,342,0,7,4.6,3.9,2
323,53.8,34.8,7.1,1193,56,2,0.0,4.9,2
324,35.1,24.4,2.8,209,26,16,0.0,4.8,1
325,38.6,29.9,1.0,126,34,0,6.7,3.9,4
326,36.3,25.2,3.2,172,43,6,0.0,5.9,2
327,40.4,72.4,4.9,303,30,19,12.9,2.9,6
328,60.7,40.4,9.8,1156,42,4,2.4,5.4,5
329,49.8,63.8,4.7,811,76,36,4.1,2.7,9
330,33.6,25.1,0.5,577,23,3,0.4,3.7,3
331,40.4,84.2,2.3,897,67,12,16.8,2.9,6
332,39.5,87.6,5.2,80,53,19,6.9,2.7,6
333,50.2,71.7,1.4,658,34,29,1.4,3.0,8
334,31.9,19.3,0.0,0,11,0,0.0,5.4,3
335,38.1,82.9,8.0,0,30,29,10.2,2.8,7
336,53.2,43.6,7.3,1145,39,21,8.0,5.0,4
337,53.0,35.5,6.9,800,0,31,0.0,5.3,3
338,50.5,77.5,0.3,415,47,24,7.2,2.1,6
339,57.3,41.7,12.9,623,32,20,7.7,5.2,4
340,52.8,54.6,14.7,266,40,18,6.8,5.2,5
341,53.9,74.3,1.7,191,45,31,3.8,2.8,9
342,33.4,28.4,5.5,123,6,15,1.1,3.9,4
343,60.5,29.7,13.8,1250,27,21,0.0,6.3,4
344,50.6,45.3,10.1,677,20,23,3.9,5.2,6
345,36.2,26.6,1.8,153,0,0,1.0,4.8,2
346,55.8,20.9,13.9,699,59,24,0.0,5.7,2
347,64.0,31.9,10.6,722,54,13,0.0,5.2,3
348,46.7,80.8,1.2,776,64,32,3.1,2.6,8
349,49.4,61.2,3.3,263,81,29,1.1,2.8,6
350,54.9,31.7,7.5,795,29,12,3.5,4.9,3
351,39.5,87.7,4.0,445,51,11,13.2,1.5,7
352,39.4,85.7,0.0,639,36,14,11.8,1.7,8
353,43.6,82.7,2.2,273,27,22,9.6,4.2,6
354,53.1,39.4,9.7,1227,21,27,7.0,5.9,6
355,52.2,42.5,3.3,1073,35,22,2.4,5.5,5
356,34.6,87.8,6.1,614,17,20,11.7,2.4,6
357,37.8,21.8,2.3,0,20,10,0.3,4.3,5
358,67.3,32.4,6.4,422,30,20,5.7,6.9,4
359,53.6,75.8,0.4,884,56,37,5.9,3.9,9
360,50.2,81.6,2.3,376,47,16,0.0,1.9,6
361,44.7,62.0,2.7,752,74,50,7.7,2.9,10
362,32.1,38.6,1.7,314,25,5,3.2,3.4,4
363,35.6,38.7,0.0,41,15,16,0.4,3.9,1
364,38.4,75.2,3.2,323,35,13,18.6,1.0,7
365,46.0,57.6,8.6,346,51,21,4.2,2.6,8
366,58.7,38.7,6.0,307,42,27,0.0,5.8,5
367,43.7,84.2,0.5,452,54,42,0.0,3.2,8
368,63.5,45.1,9.7,1014,47,15,6.9,4.1,4
369,31.9,47.0,0.0,444,20,16,4.8,4.9,2
370,40.5,75.3,2.4,739,23,3,8.8,4.0,8
371,48.3,76.6,0.0,209,67,33,5.4,2.9,7
372,36.7,85.1,2.8,225,34,13,14.5,1.6,8
373,52.8,35.7,4.4,285,60,26,3.0,6.4,6
374,50.9,30.4,12.5,447,39,10,0.6,5.4,3
375,52.0,77.1,0.0,766,61,41,7.2,3.3,8
376,35.2,19.6,0.0,184,6,12,2.1,4.0,4
377,38.0,78.9,0.0,464,29,27,14.7,5.0,7
378,26.8,42.5,0.0,162,9,10,2.6,3.7,4
379,54.6,81.5,6.7,422,31,28,0.0,1.6,6
380,47.9,74.6,3.7,647,86,25,1.9,1.4,8
381,42.3,79.2,0.0,255,23,24,9.6,1.9,7
382,59.0,32.1,7.3,606,35,27,3.0,4.6,3
383,50.1,79.7,4.2,625,52,32,3.3,3.1,8
384,63.4,35.2,9.1,1335,56,23,4.8,4.4,1
385,59.4,42.4,5.7,703,45,30,4.7,5.1,4
386,49.2,77.6,3.7,837,43,26,6.0,2.6,10
387,33.0,43.7,0.0,353,17,0,0.3,3.6,2
388,57.2,31.2,12.7,123,7,29,1.4,6.4,3
389,57.0,42.7,13.5,666,31,2,0.2,4.9,6
390,36.8,36.5,0.0,647,16,7,4.5,3.9,4
391,55.0,48.7,8.9,737,39,35,2.3,4.8,5
392,35.2,79.0,5.7,487,65,0,11.9,2.4,5
393,34.2,76.0,2.4,644,33,12,8.2,4.7,5
394,55.6,42.8,11.2,571,20,6,0.5,4.6,4
395,40.8,16.2,1.0,25,10,8,0.0,3.9,3
396,38.1,95.1,0.7,549,72,16,13.7,1.7,9
397,44.3,72.6,6.8,568,49,19,6.5,2.8,8
398,30.3,84.1,3.5,395,55,10,12.9,3.2,7
399,48.5,85.2,1.7,788,45,37,2.1,1.8,9
400,40.4,30.8,0.2,225,35,12,5.6,5.6,1
401,59.5,35.3,14.4,1006,32,28,1.8,5.6,4
402,53.3,41.2,5.7,1123,26,15,3.0,5.2,5
403,52.9,67.1,0.0,376,68,34,3.6,3.7,6
404,49.5,75.1,2.0,462,50,42,1.5,2.1,7
405,58.0,43.8,11.6,896,54,20,0.0,6.0,5
406,31.5,44.1,3.7,153,20,27,2.8,4.0,3
407,53.2,44.0,8.6,1151,40,15,0.9,2.5,1
408,53.1,70.9,1.2,592,55,29,0.4,3.4,6
409,29.9,36.8,1.4,0,10,9,0.0,7.0,4
410,56.9,78.4,2.1,962,64,31,10.4,2.6,6
411,43.1,100.0,3.9,310,31,0,6.5,2.0,8
412,59.8,37.1,10.7,860,6,20,0.0,5.3,5
413,55.7,31.1,7.1,395,39,24,3.0,6.3,4
414,54.5,76.1,4.6,0,62,36,9.1,4.0,6
415,49.6,73.7,6.9,361,61,45,4.6,5.7,5
416,41.0,30.1,1.1,0,23,18,0.0,4.9,2
417,61.4,48.2,11.0,741,27,1,4.8,5.9,5
418,53.0,29.8,8.7,1173,18,17,1.8,4.5,5
419,52.7,39.6,10.6,1297,24,10,5.5,5.5,2
420,45.4,69.3,6.5,389,79,6,5.0,1.8,9
421,54.5,51.2,10.3,1085,49,16,0.0,5.2,3
422,62.1,26.8,11.0,72,41,27,1.3,4.7,3
423,47.9,78.7,8.7,176,80,25,7.3,3.8,8
424,57.4,36.8,10.8,842,33,18,0.0,7.0,2
425,48.9,80.0,0.0,606,38,34,4.5,3.8,9
426,46.1,70.4,0.1,861,61,43,3.1,5.1,9
427,41.4,87.8,0.0,535,30,17,9.9,2.5,8
428,39.4,82.0,3.4,406,56,19,9.0,1.3,5
429,35.9,35.6,7.0,244,19,0,0.0,4.1,3
430,49.0,62.9,0.0,540,58,47,1.3,4.3,7
431,33.1,86.9,4.6,157,25,2,8.8,2.3,6
432,30.8,44.4,0.7,669,8,2,1.4,5.0,2
433,53.1,34.5,9.9,650,9,20,0.0,6.1,4
434,31.9,84.4,0.9,628,60,2,13.4,3.4,8
435,41.4,71.0,2.9,670,58,11,14.0,1.6,7
436,38.4,28.4,0.0,456,19,0,0.0,3.5,3
437,49.9,69.2,9.4,55,57,32,3.5,1.9,8
438,39.7,27.7,0.0,16,0,0,4.5,6.1,5
439,47.9,71.2,5.6,941,66,29,8.2,3.0,7
440,56.9,28.0,1.3,1044,40,25,5.3,5.6,1
441,58.0,32.3,10.7,199,39,15,2.5,4.1,3
442,43.5,82.0,0.0,782,23,17,14.2,3.0,7
443,52.2,78.9,5.8,687,60,38,4.2,1.2,6
444,37.6,90.5,1.6,323,58,19,7.4,1.8,8
445,58.0,32.0,7.6,610,40,24,0.0,5.5,3
446,58.0,48.0,16.1,867,49,42,1.6,6.6,5
447,59.9,38.9,6.8,744,50,28,4.0,5.5,2
448,30.8,86.2,0.5,521,46,0,14.7,3.3,8
449,56.1,74.7,2.1,352,48,48,1.1,3.0,8
450,51.1,62.2,6.3,90,68,42,2.2,2.6,6
451,50.2,80.8,6.2,627,61,35,0.8,2.8,9
452,53.2,76.1,6.7,792,55,38,1.4,3.5,7
453,44.3,31.0,0.0,612,20,16,1.0,3.8,2
454,30.5,89.6,4.8,422,29,17,19.5,1.7,8
455,47.4,84.0,1.2,596,75,14,16.1,2.2,10
456,34.0,70.3,4.7,269,26,18,13.2,4.8,6
457,38.1,15.5,0.0,293,18,10,4.6,4.7,5
458,59.1,50.5,13.0,495,48,21,1.1,5.6,5
459,38.6,40.9,0.0,797,30,0,1.4,5.1,5
460,37.3,27.6,0.6,472,31,5,0.0,4.7,3
461,36.3,43.6,2.0,0,7,27,0.0,4.5,2
462,47.4,32.9,12.5,879,54,25,1.7,4.3,5
463,36.2,70.2,0.0,13,22,0,13.7,2.7,8
464,54.5,44.6,10.9,736,39,35,1.3,3.7,4
465,49.5,89.2,3.3,468,60,33,4.7,3.9,9
466,35.4,29.8,6.0,319,0,12,1.3,4.9,5
467,52.6,73.9,2.6,463,50,41,0.0,2.9,8
468,39.9,51.6,4.9,172,15,12,3.4,4.9,3
469,49.5,41.7,7.7,692,22,11,4.8,6.7,5
470,49.0,36.2,3.8,600,31,20,0.0,7.0,4
471,50.6,71.5,4.4,382,51,29,4.7,1.9,7
472,50.0,67.3,1.8,906,29,28,4.4,3.8,8
473,37.0,32.6,4.0,683,20,13,7.3,4.7,7
474,45.7,72.4,2.8,444,60,18,1.0,2.4,9
475,41.5,38.2,0.0,169,16,15,0.0,4.4,4
476,53.8,72.8,6.0,352,52,40,5.5,4.0,9
477,62.6,45.5,9.4,658,67,19,0.0,4.8,6
478,49.2,79.0,7.6,668,71,33,2.6,3.5,10
479,43.0,75.9,2.5,760,48,35,0.0,3.7,9
480,53.4,44.9,7.1,1158,19,23,0.0,5.2,4
481,57.1,39.2,9.4,827,25,25,0.8,4.0,5
482,46.2,72.8,3.5,983,43,32,6.1,2.9,9
483,51.8,38.3,10.5,730,28,13,9.4,4.9,5
484,41.8,25.3,3.0,276,23,13,0.6,5.5,2
485,61.4,45.9,9.8,866,25,21,0.0,5.6,6
486,53.3,79.3,4.0,798,43,32,3.2,3.2,9
487,39.3,34.7,0.0,253,32,0,0.0,4.0,3
488,53.9,80.2,8.3,539,53,32,4.3,3.9,7
489,40.7,75.7,0.0,351,49,16,11.6,4.2,10
490,36.6,35.5,0.0,264,6,12,3.9,4.9,3
491,38.4,82.5,2.3,708,45,24,10.6,3.4,8
492,29.7,17.9,1.1,342,4,5,1.5,5.0,1
493,49.8,78.1,0.0,603,53,54,3.8,3.5,7
494,47.6,67.9,1.3,761,67,37,1.6,2.4,10
495,37.7,41.2,3.3,306,0,3,2.5,2.9,2
496,52.4,82.3,6.4,478,49,52,2.0,1.5,9
497,36.1,63.1,0.0,319,47,14,8.1,4.4,5
498,41.1,35.3,1.6,311,35,3,4.8,5.2,4
499,58.9,30.7,12.0,612,37,41,0.0,4.3,8
500,39.9,75.3,9.4,246,75,17,11.0,2.9,7
501,41.9,38.7,5.5,311,13,3,0.0,5.0,3
502,42.8,24.0,2.1,542,34,21,5.6,4.9,3
503,53.2,68.7,2.5,384,71,26,6.4,3.3,10
504,54.0,73.8,3.1,430,21,20,5.0,4.5,6
505,48.9,76.6,1.7,890,53,47,1.4,1.2,6
506,42.3,69.3,2.6,136,37,12,6.2,2.4,7
507,59.1,56.1,11.3,925,31,15,0.0,6.7,3
508,36.8,17.0,2.0,501,18,18,0.7,4.8,4
509,47.5,77.1,0.4,932,48,29,0.0,4.0,8
510,38.0,39.6,0.5,143,25,22,0.3,5.7,3
511,40.0,26.3,0.0,0,0,24,0.0,4.8,3
512,60.1,39.4,9.4,989,16,20,4.0,4.8,5
513,33.6,39.1,0.0,494,8,19,1.6,3.8,3
514,51.9,74.4,0.7,422,82,23,3.7,4.5,7
515,42.6,66.6,3.1,530,38,5,14.9,2.6,7
516,37.4,12.2,0.0,28,19,22,1.3,3.0,4
517,52.6,60.5,2.0,329,62,28,4.2,2.5,9
518,42.0,46.0,0.0,892,0,0,2.1,5.6,3
519,63.3,91.5,4.2,558,49,22,4.6,2.3,8
520,32.6,77.8,2.4,637,54,0,5.8,2.0,4
521,53.4,69.1,1.3,829,34,38,7.3,1.4,9
522,52.1,67.1,2.7,663,55,36,6.4,2.9,8
523,50.6,68.0,3.9,218,75,40,1.3,3.4,8
524,41.5,84.4,0.0,456,48,18,12.8,3.8,5
525,57.1,42.1,8.9,556,53,19,3.1,5.5,4
526,43.3,37.3,0.0,282,0,6,2.8,5.2,3
527,55.0,84.3,1.0,553,26,41,3.5,2.7,7
528,61.1,39.5,9.7,512,32,29,0.9,5.1,4
529,39.8,91.8,5.7,819,61,19,11.3,2.7,4
530,33.9,40.0,0.0,387,6,19,0.0,3.5,1
531,43.2,75.2,2.0,978,62,36,1.1,3.3,8
532,55.3,67.6,6.7,633,58,32,1.2,3.2,7
533,46.3,82.7,2.3,741,57,40,7.5,2.7,6
534,62.2,31.9,10.0,803,24,40,3.7,3.7,3
535,39.0,25.1,1.5,429,33,1,0.0,4.5,4
536,55.6,87.2,4.9,344,34,43,6.0,2.2,8
537,38.1,77.4,1.2,616,14,7,19.5,3.3,7
538,29.3,28.0,0.0,674,0,13,0.2,3.6,4
539,53.3,29.6,10.4,415,31,12,6.7,5.5,4
540,50.5,90.7,5.3,988,59,23,1.5,2.8,8
541,49.3,72.7,5.3,298,68,34,5.5,2.9,5
542,53.2,76.8,0.0,657,84,45,3.6,3.4,9
543,40.5,40.2,1.9,365,24,17,0.0,4.3,5
544,51.6,47.0,9.9,571,32,12,2.0,4.8,5
545,34.3,31.3,0.0,4,12,9,0.0,3.6,6
546,46.7,65.6,1.9,485,42,26,2.5,1.8,8
547,57.8,67.2,2.7,917,58,35,3.4,2.9,8
548,62.7,27.7,7.9,823,20,30,3.7,5.6,3
549,47.4,80.2,3.3,663,49,31,4.8,1.9,8
550,41.0,41.5,0.2,340,0,3,0.0,5.0,2
551,32.5,67.1,3.6,0,64,0,5.7,1.7,7
552,38.6,92.5,0.4,700,54,22,10.6,2.9,5
553,49.7,83.4,2.7,499,34,22,3.5,2.9,8
554,65.6,36.7,8.4,1218,30,15,3.8,5.4,4
555,57.1,40.2,8.9,1060,23,24,5.5,5.7,5
556,62.5,57.4,9.2,50,53,28,4.0,6.3,2
557,50.8,71.9,0.0,949,43,30,7.7,2.8,8
558,41.9,62.9,3.4,781,11,19,16.9,3.6,9
559,38.1,34.1,1.8,222,18,16,1.5,2.4,2
560,50.9,74.1,1.7,848,57,35,3.5,2.8,10
561,50.2,67.4,7.9,243,85,30,1.2,4.3,8
562,34.7,16.0,0.0,482,16,15,2.2,4.1,2
563,39.4,80.5,0.0,216,48,6,12.1,2.0,5
564,43.6,20.4,0.0,759,0,0,2.7,4.0,3
565,42.8,73.7,6.8,837,51,46,0.0,3.9,9
566,44.8,80.3,0.9,118,60,4,14.3,2.0,9
567,36.9,31.1,0.0,271,29,8,1.2,4.2,5
568,55.3,71.7,5.4,683,76,39,0.0,4.1,10
569,37.9,77.0,0.0,384,36,21,17.4,2.7,7
570,38.4,71.8,3.9,134,62,28,12.3,2.7,9
571,45.0,77.0,3.3,768,66,36,0.8,1.4,8
572,48.9,81.8,2.2,753,19,40,4.6,4.9,10
573,36.3,67.3,8.1,58,50,2,7.7,3.3,10
574,53.2,74.3,3.8,633,62,29,3.9,2.6,9
575,48.4,81.0,6.9,730,81,27,0.0,3.7,6
576,36.0,80.6,1.7,836,81,30,9.0,2.8,7
577,38.7,49.8,0.0,0,9,9,0.0,4.3,3
578,38.7,32.7,3.2,194,24,15,3.6,4.5,4
579,53.1,38.6,7.5,515,37,11,0.0,5.5,3
580,32.8,83.9,7.4,366,56,26,11.4,3.0,6
581,53.2,71.9,0.0,1008,46,38,3.2,1.9,7
582,42.3,30.6,0.0,61,43,22,6.1,4.6,0
583,53.9,73.0,3.0,1019,47,29,3.4,3.0,6
584,59.1,28.3,9.1,725,38,19,3.4,5.9,6
585,54.4,79.0,1.1,100,54,49,5.9,1.6,7
586,50.5,34.7,9.3,690,31,28,0.0,5.2,5
587,38.5,19.9,0.0,0,11,34,2.8,4.1,0
588,38.1,89.5,2.5,364,62,15,11.0,3.3,7
589,53.1,82.1,0.3,650,66,32,0.0,3.1,7
590,54.9,45.7,9.8,853,47,15,1.8,4.4,4
591,47.5,87.1,3.6,349,77,29,7.4,3.8,10
592,53.5,79.6,1.8,583,71,50,5.4,2.3,9
593,50.0,84.9,2.2,415,71,43,6.9,2.7,6
594,37.8,37.2,0.0,0,19,22,1.5,3.7,6
595,55.8,70.4,3.5,161,51,41,1.3,3.8,7
596,55.5,66.2,5.3,686,68,28,3.1,2.9,7
597,41.2,14.8,0.0,681,5,13,2.1,5.2,4
598,32.6,78.3,5.0,260,40,8,14.3,2.1,6
599,56.2,69.4,2.3,475,68,34,3.6,4.0,8
600,56.1,87.6,3.6,121,35,36,1.7,2.4,6
