empleado_id,bienestar_laboral,horas_extra_semana,apoyo_equipo,reconocimiento,autonomia,dias_home_office,bono_anual_pct,reuniones_semana,mensajes_chat_dia,dias_vacaciones_tomados,distancia_oficina_km,cursos_completados,meses_en_el_rol,tickets_cerrados_mes,emails_enviados_dia,proyectos_activos,dias_licencia_medica,horas_capacitacion,puntualidad_pct
1,66.2,3.2,7.7,5.1,7.4,0,11.31,9,43,10,8.9,1,32,15,11,2,4,7.4,95.9
2,56.8,4.9,6.5,4.2,3.8,2,12.6,8,45,18,8.0,5,49,16,19,3,2,9.6,93.5
3,54.8,0.2,5.4,6.1,6.7,2,8.29,12,41,21,14.7,2,39,17,15,1,2,1.7,95.5
4,59.8,3.0,7.8,6.2,7.2,0,10.47,7,43,16,6.8,0,17,14,9,2,6,11.5,86.4
5,60.7,5.3,5.0,5.3,7.7,5,16.94,10,46,10,8.3,4,24,15,9,1,5,6.1,94.1
6,57.5,4.1,6.2,6.1,5.7,3,10.97,12,36,9,3.2,3,19,11,17,1,1,3.3,90.8
7,58.4,1.4,7.7,5.5,4.3,2,6.38,10,51,0,38.6,0,47,11,10,2,2,6.8,92.9
8,69.9,2.5,4.3,5.7,7.7,3,8.22,11,49,3,6.0,7,53,12,9,3,3,18.9,98.1
9,63.4,1.8,5.0,6.2,5.9,4,11.07,7,47,12,22.8,3,48,22,9,1,2,5.9,94.7
10,71.3,1.0,5.1,4.3,9.1,2,10.97,8,43,0,11.7,1,7,14,19,4,1,4.8,97.0
11,54.0,1.8,7.2,6.1,4.9,2,5.61,11,40,4,12.4,1,47,11,11,2,1,6.4,100.0
12,54.8,5.2,6.4,6.7,9.3,3,6.87,10,39,2,2.0,4,13,14,14,6,3,13.3,90.7
13,46.4,11.1,6.6,5.5,4.9,5,8.47,10,38,6,9.2,2,31,13,13,5,3,3.1,94.0
14,51.9,5.0,6.5,5.0,9.2,0,9.22,6,32,1,8.5,2,43,13,10,2,0,1.2,94.0
15,65.5,3.4,5.9,7.2,6.8,5,13.58,12,50,21,4.2,2,6,13,13,2,2,6.3,89.6
16,52.8,2.7,7.2,4.9,7.9,3,8.16,10,34,8,5.6,0,18,7,14,4,0,18.9,91.4
17,46.4,4.5,5.2,4.7,7.4,5,4.06,13,32,17,11.8,2,49,7,10,2,4,10.7,88.8
18,61.9,8.1,7.0,3.8,8.1,1,10.5,7,40,5,15.4,1,21,11,12,5,1,4.9,99.7
19,66.2,6.0,7.8,5.8,7.1,2,7.58,9,42,4,6.4,2,35,9,9,6,0,2.2,87.9
20,59.7,4.1,7.3,6.4,7.8,2,4.12,14,50,19,16.0,4,24,18,19,1,2,7.6,93.7
21,59.4,1.3,7.9,5.8,5.0,4,8.48,8,45,14,6.7,1,41,12,5,4,3,2.8,99.2
22,48.5,1.4,4.5,4.8,6.5,0,7.71,9,45,18,6.9,2,30,9,18,6,2,8.9,85.0
23,67.2,7.2,5.5,4.3,4.9,4,13.2,8,44,10,16.2,4,38,13,6,2,2,3.7,90.1
24,46.6,10.4,6.9,6.4,6.6,0,6.88,6,40,21,10.9,8,18,13,9,1,2,13.1,99.6
25,50.1,10.6,4.0,3.6,7.0,1,11.68,8,38,4,28.8,1,46,17,10,1,2,5.1,93.5
26,61.0,3.4,8.0,6.6,6.5,0,5.3,8,33,12,11.5,2,22,13,13,6,3,7.5,81.7
27,49.2,10.5,6.7,5.3,8.2,1,6.26,10,33,10,4.9,2,5,17,7,6,3,16.3,89.4
28,73.1,3.1,6.4,5.2,7.8,4,11.65,16,38,13,11.1,0,10,17,14,5,1,10.6,92.9
29,66.1,4.4,7.9,6.9,7.5,2,8.88,9,51,20,0.3,1,5,9,6,3,1,1.2,96.8
30,55.4,3.5,6.1,5.7,8.0,5,8.77,9,30,19,0.1,1,6,20,9,2,1,3.4,87.7
31,55.3,1.8,5.1,5.1,8.7,0,7.26,12,36,4,3.2,1,26,9,17,2,1,9.8,91.0
32,45.0,3.5,6.0,4.2,5.6,2,6.03,9,60,16,21.1,4,36,11,5,4,2,9.9,96.2
33,72.7,2.5,6.0,7.1,6.1,3,8.26,10,40,14,10.8,3,5,12,15,3,2,3.4,100.0
34,61.8,2.6,6.0,7.4,6.7,4,9.08,8,43,0,17.0,3,33,22,13,6,1,7.1,92.4
35,44.1,3.2,6.4,6.0,5.3,0,3.23,12,46,18,0.9,2,51,6,5,3,2,7.3,93.6
36,67.3,1.8,8.1,6.4,5.9,3,7.94,7,34,3,1.9,2,18,12,10,1,1,1.4,81.9
37,50.6,4.5,5.8,6.5,4.5,0,9.3,7,44,11,3.0,2,20,20,8,4,4,2.4,79.5
38,49.5,5.2,6.0,4.5,4.9,1,4.4,9,41,16,4.8,2,46,23,5,5,2,4.9,98.4
39,68.5,4.8,6.6,6.3,8.5,4,13.12,11,41,21,1.4,3,3,9,6,5,3,10.6,84.0
40,56.2,14.4,7.7,7.9,6.2,1,7.49,7,40,19,5.0,2,57,11,7,6,1,3.0,91.9
41,66.4,5.2,5.3,6.6,3.9,4,13.97,11,58,20,4.3,2,11,12,13,4,4,6.0,91.2
42,62.6,0.9,5.9,5.5,6.9,3,4.02,15,42,10,16.3,3,40,12,12,1,1,3.6,86.2
43,59.9,1.7,7.3,4.0,6.0,4,8.86,7,30,11,4.3,4,56,13,7,2,2,11.1,91.1
44,48.6,4.5,6.3,5.3,3.8,2,6.4,6,49,19,16.4,2,49,15,12,2,0,9.1,92.0
45,60.6,2.1,7.6,5.6,5.5,1,11.6,7,41,4,6.4,3,8,14,10,5,3,17.3,92.4
46,56.7,4.2,5.8,7.2,6.1,2,10.25,7,39,10,9.5,4,42,17,11,2,1,1.5,95.1
47,58.9,2.2,7.2,6.5,6.9,4,6.48,9,35,18,4.2,2,2,10,11,1,1,9.0,84.6
48,55.7,2.2,5.1,4.4,5.7,3,5.5,6,27,16,5.9,2,5,11,13,5,1,10.3,87.0
49,51.2,4.3,5.2,6.4,8.1,3,4.71,8,37,13,15.7,0,28,8,8,1,3,7.8,100.0
50,56.4,2.1,6.9,6.2,6.2,5,4.41,7,37,12,8.7,2,20,15,11,4,2,10.7,89.9
51,50.3,3.2,5.9,5.6,9.8,0,4.61,6,38,17,3.3,0,51,13,15,4,2,4.6,93.6
52,53.4,4.8,6.4,5.5,7.9,2,9.28,8,45,19,13.8,3,38,15,20,4,2,0.8,95.9
53,44.9,1.7,6.7,5.3,8.6,0,3.55,11,44,13,0.4,2,43,13,12,5,4,6.1,91.5
54,54.8,3.4,5.9,6.1,8.4,3,3.64,4,39,17,6.4,1,39,15,11,4,3,0.8,86.8
55,37.4,4.8,6.3,4.8,4.8,5,2.65,10,42,5,4.1,4,37,12,13,5,2,7.4,86.3
56,62.6,4.9,5.1,6.7,8.4,4,11.57,13,49,17,6.6,2,39,19,11,4,2,10.0,87.6
57,61.2,1.7,6.0,5.1,10.0,4,9.93,8,47,10,8.4,1,14,10,10,5,1,17.3,90.1
58,53.8,1.6,5.6,4.6,9.0,5,9.81,11,45,11,7.0,0,21,12,4,5,1,13.2,100.0
59,72.9,1.1,8.1,7.4,7.1,0,13.16,7,47,9,32.0,5,20,10,11,4,2,4.8,100.0
60,64.5,4.6,7.5,5.7,5.1,3,11.51,7,33,12,14.3,3,47,12,16,2,3,2.4,92.1
61,67.0,2.9,9.1,6.3,8.2,1,10.36,11,36,3,1.2,1,49,13,7,1,2,5.4,92.2
62,81.1,7.1,8.5,6.9,5.9,4,11.94,11,41,17,6.0,1,3,10,16,2,1,4.3,89.7
63,83.2,4.9,6.4,7.3,7.0,3,13.78,7,59,18,2.0,3,52,11,7,6,2,8.4,86.9
64,48.2,8.5,3.3,4.7,7.9,4,11.3,7,42,8,10.7,1,20,9,9,6,3,7.4,92.5
65,66.3,6.9,5.5,6.1,8.2,3,9.95,7,42,12,4.8,2,43,21,10,3,0,4.2,89.1
66,49.1,9.0,6.4,5.7,5.4,4,8.54,6,22,17,8.5,2,48,15,8,2,2,2.6,98.2
67,72.0,1.6,5.1,4.8,7.9,3,8.86,9,45,9,7.0,2,36,17,6,2,1,3.9,100.0
68,61.1,3.6,7.9,9.2,7.3,3,2.99,10,46,16,4.3,1,34,13,8,2,1,17.0,89.8
69,54.6,4.2,7.1,7.4,6.2,0,8.32,11,37,5,1.9,2,26,9,10,4,3,8.9,90.3
70,50.5,3.5,6.6,4.4,6.1,4,9.17,9,41,6,18.6,1,9,13,12,5,0,7.2,95.6
71,55.0,1.1,5.7,7.8,7.1,1,6.08,9,43,18,2.5,3,23,12,21,6,1,5.2,96.5
72,61.1,1.6,7.6,5.3,9.0,2,11.0,6,36,12,16.3,2,21,8,6,6,6,2.2,95.4
73,54.9,4.5,5.8,5.4,6.1,3,9.86,10,45,9,4.8,1,53,23,7,5,0,8.1,92.2
74,87.1,1.6,7.2,7.2,7.9,4,12.13,11,34,12,2.2,2,48,14,11,4,1,4.7,95.3
75,42.7,2.3,6.6,6.5,5.4,2,2.95,7,35,4,10.9,1,58,5,9,5,2,5.9,97.6
76,51.9,2.4,5.7,6.3,5.8,1,5.98,9,43,19,6.3,7,18,18,14,3,2,8.7,99.4
77,56.3,7.3,7.3,5.2,6.5,5,10.41,6,46,20,20.3,0,36,12,10,4,0,14.9,85.9
78,71.9,3.9,6.6,3.5,6.4,1,12.54,11,38,15,2.1,2,11,12,13,4,2,7.9,97.4
79,67.8,2.4,8.2,6.9,6.4,4,13.32,3,30,10,13.3,4,43,11,12,3,3,10.5,93.7
80,58.2,2.4,6.6,4.6,5.5,0,14.34,8,47,13,6.0,2,36,13,10,3,1,7.0,85.4
81,76.5,3.2,7.5,7.7,5.7,1,13.5,14,44,3,8.0,1,39,8,7,3,1,8.5,93.7
82,34.7,10.1,5.3,6.1,6.0,4,7.14,10,38,16,2.6,2,53,11,10,1,4,5.5,100.0
83,54.1,2.3,6.6,4.9,7.5,5,9.82,8,35,17,7.3,3,44,8,11,4,2,4.4,92.2
84,48.2,4.2,5.6,3.6,7.0,1,2.22,7,53,4,17.0,3,21,11,10,2,1,1.2,100.0
85,60.9,2.3,3.8,4.9,7.6,3,7.2,6,40,4,9.4,1,38,19,14,6,1,3.9,95.1
86,73.8,1.9,7.7,6.3,8.1,0,12.28,9,48,11,3.4,3,27,15,8,1,2,15.5,94.2
87,58.0,8.2,5.7,6.2,6.4,3,10.69,11,55,8,3.9,2,55,7,10,5,2,6.5,91.9
88,47.0,6.6,6.9,4.7,5.6,1,10.48,5,46,6,1.7,6,55,15,11,1,1,12.9,86.9
89,37.0,1.4,4.4,2.4,5.5,5,3.12,12,46,2,8.4,1,16,10,8,4,2,8.6,84.7
90,58.3,6.2,6.1,4.9,8.8,1,4.21,12,38,13,5.2,2,12,21,9,6,4,4.8,81.3
91,52.4,3.4,6.3,5.5,7.8,1,5.45,14,30,21,12.1,3,17,10,4,4,3,9.4,89.0
92,66.1,6.4,8.8,6.6,8.7,3,4.97,16,50,18,5.5,2,58,13,14,6,1,5.1,92.4
93,57.0,0.8,4.2,6.3,8.2,0,12.84,9,37,11,1.0,3,12,17,14,5,4,10.7,89.1
94,60.2,1.4,8.6,6.2,6.4,1,8.8,9,48,11,2.8,2,42,11,11,3,3,6.5,84.4
95,49.7,9.7,5.8,6.9,7.3,0,13.77,9,54,5,26.0,3,25,18,9,1,3,6.0,98.7
96,73.0,2.1,8.3,7.1,6.7,4,10.01,6,37,12,10.7,3,53,13,8,2,4,10.7,93.8
97,49.9,8.0,5.9,5.9,9.6,2,8.2,10,44,11,16.5,4,12,6,7,5,3,6.9,88.9
98,59.4,0.8,5.1,6.2,7.4,0,9.62,14,46,8,1.7,1,30,13,6,1,0,5.6,96.5
99,87.0,3.8,4.7,5.8,8.8,1,14.38,19,48,13,15.2,0,17,15,9,4,0,2.2,88.6
100,60.3,7.0,6.2,3.1,6.7,3,7.47,13,33,5,18.3,4,8,14,8,6,4,7.4,92.1
101,82.8,4.0,4.9,4.6,8.4,4,16.33,9,44,21,12.5,2,54,18,8,6,1,6.7,100.0
102,63.8,2.1,5.9,5.4,6.9,2,7.32,10,51,19,7.7,0,57,21,16,2,2,2.6,100.0
103,67.6,0.4,8.5,5.0,5.7,4,10.1,10,36,18,12.4,3,35,14,17,2,1,6.7,96.4
104,57.2,2.1,7.8,4.4,8.4,4,11.39,8,56,20,11.6,1,36,13,4,4,4,6.0,99.9
105,46.8,0.4,5.7,4.1,5.6,0,7.77,8,47,7,15.7,4,17,16,14,4,6,9.3,83.4
106,51.8,6.4,3.9,3.6,6.2,3,9.26,14,39,19,9.3,1,53,17,11,4,0,3.1,86.2
107,60.7,1.9,5.5,5.7,7.7,2,12.78,9,37,9,1.8,1,16,17,11,2,0,8.1,97.9
108,49.6,7.2,4.9,4.8,7.2,2,10.51,13,35,10,7.0,3,60,13,9,3,2,1.7,99.4
109,50.0,3.5,4.0,1.3,6.0,3,7.34,5,45,16,6.0,2,50,15,8,3,4,4.5,96.8
110,81.5,1.2,9.1,7.7,6.7,4,9.23,8,48,0,8.7,4,20,12,6,6,1,8.7,99.2
111,46.0,3.0,5.9,4.2,8.4,5,7.47,8,40,19,16.2,4,9,16,5,5,1,5.7,98.0
112,74.3,7.8,7.5,6.3,5.6,5,10.06,12,57,21,21.6,4,41,10,12,5,1,8.4,88.8
113,63.8,4.0,5.7,6.5,3.0,3,11.5,7,43,12,9.9,0,57,11,11,6,6,4.7,94.2
114,56.5,1.8,4.8,5.4,8.1,2,10.19,14,53,3,16.6,2,49,11,10,5,1,4.7,90.8
115,50.8,5.2,4.2,4.0,5.9,3,12.99,8,38,5,4.5,2,25,10,14,2,3,11.9,80.6
116,49.6,3.0,6.3,5.6,6.1,2,6.87,8,42,11,12.5,2,58,7,14,5,1,2.6,96.0
117,45.4,0.4,7.1,5.5,7.7,5,0.0,6,49,1,9.4,3,22,13,8,2,1,5.4,97.5
118,60.7,3.5,7.6,7.4,6.0,5,8.88,13,38,21,9.4,1,29,16,16,5,1,9.0,98.9
119,58.8,1.4,6.2,6.0,6.3,5,14.4,12,41,15,12.0,3,26,12,13,6,1,2.6,98.1
120,55.4,2.3,7.6,6.0,8.1,4,6.89,8,46,10,7.2,0,11,17,14,5,2,5.6,90.9
121,61.3,1.0,7.8,8.8,7.5,2,5.9,4,43,2,2.8,7,48,14,11,6,2,3.5,98.6
122,58.5,8.5,6.7,4.4,6.5,1,11.02,10,42,11,2.9,4,7,11,7,1,1,4.9,95.3
123,58.7,1.6,7.4,7.9,5.4,0,15.65,8,47,9,21.0,2,21,12,14,1,1,6.3,86.4
124,56.3,1.9,5.8,5.0,5.2,1,6.13,3,43,14,10.2,1,27,13,14,5,0,8.0,100.0
125,42.5,8.1,5.6,6.6,7.8,0,8.17,6,46,13,9.8,1,11,12,8,5,1,7.1,86.4
126,68.5,0.9,7.7,7.5,7.4,4,5.7,13,38,7,5.3,7,36,11,15,4,5,8.3,96.3
127,55.4,1.3,5.3,5.4,5.2,5,8.39,5,45,2,1.9,1,33,13,13,2,2,8.9,85.8
128,60.4,1.9,8.5,6.5,6.9,0,7.06,6,47,7,7.5,1,31,10,10,1,4,9.4,82.4
129,43.6,3.4,5.6,5.2,3.6,0,2.74,8,44,8,10.1,3,10,15,12,3,2,5.0,94.3
130,63.0,4.4,7.5,7.2,7.5,0,9.04,7,38,20,14.1,2,11,10,7,4,2,2.6,88.5
131,56.1,4.1,6.5,5.2,6.9,2,2.71,9,38,3,8.3,2,31,10,8,2,1,11.9,93.2
132,56.7,10.0,6.3,4.4,5.5,4,9.93,8,39,2,9.4,2,35,15,9,4,5,5.9,90.8
133,45.4,8.0,5.4,8.2,8.1,0,11.12,7,38,18,8.6,4,5,16,9,3,2,4.7,100.0
134,51.6,3.2,3.1,6.5,7.0,4,11.27,12,46,2,2.2,0,44,15,7,2,1,1.8,85.0
135,74.1,3.9,7.9,9.6,6.0,3,16.18,7,37,11,5.0,0,46,11,9,6,2,7.2,94.0
136,56.8,0.8,4.8,5.2,6.0,2,9.42,11,43,6,2.1,1,21,18,14,1,4,6.1,83.7
137,62.8,1.1,4.9,6.0,6.1,4,9.53,8,48,11,8.1,0,42,12,9,4,0,11.8,82.0
138,57.5,4.6,3.9,5.9,7.7,1,16.52,11,40,13,7.6,2,6,14,13,2,1,6.0,79.8
139,50.4,7.4,7.7,7.1,7.4,1,8.45,8,43,6,6.4,1,50,18,14,5,1,5.1,96.0
140,57.7,4.4,6.7,6.8,5.9,5,11.81,13,43,20,16.6,2,58,11,10,5,2,9.0,98.2
141,69.9,3.4,7.3,6.4,4.8,4,12.41,10,30,5,5.5,1,10,22,11,2,2,4.4,98.4
142,64.8,2.2,8.8,8.7,6.2,3,5.74,6,43,21,10.4,2,20,13,16,1,1,5.3,93.0
143,52.8,0.8,5.2,4.9,7.0,1,8.86,6,48,16,8.6,1,2,15,7,6,4,20.0,90.1
144,56.2,6.5,7.3,7.7,5.3,3,5.77,9,50,3,14.9,5,35,18,4,5,3,6.0,92.5
145,46.4,2.4,6.6,5.2,5.4,1,0.19,6,51,10,10.8,1,43,12,11,4,5,8.3,98.9
146,66.0,5.3,7.1,6.6,6.2,5,9.63,7,54,12,4.0,3,13,12,11,3,1,13.2,91.6
147,59.8,8.1,7.0,7.7,6.9,3,4.54,11,51,20,4.3,2,30,5,11,1,1,13.5,87.7
148,53.4,2.3,3.8,4.8,7.4,5,8.33,8,45,0,20.0,1,26,11,8,1,2,4.0,81.3
149,76.9,3.1,8.1,4.1,8.0,5,11.41,13,44,5,11.1,0,43,13,10,1,6,5.6,82.5
150,63.4,3.4,5.2,5.8,3.9,4,14.98,15,30,13,6.8,4,38,19,9,6,1,5.6,100.0
151,43.5,6.0,4.0,4.8,7.9,2,5.93,8,43,17,3.2,1,1,19,10,5,4,4.0,97.4
152,41.4,10.7,5.9,5.1,7.0,1,3.86,4,43,21,2.5,3,23,12,3,3,5,8.7,84.9
153,44.2,4.6,5.0,6.1,5.7,5,5.16,7,43,6,5.4,1,31,17,8,5,2,9.8,91.9
154,49.8,1.1,5.3,4.7,7.6,0,4.91,10,44,19,8.1,1,53,11,10,3,0,8.5,91.3
155,55.5,2.8,5.5,7.0,3.6,5,11.06,8,34,15,5.4,1,2,23,12,4,0,7.6,96.6
156,74.4,7.8,8.1,6.7,3.9,3,8.65,7,46,13,2.7,2,42,17,12,5,1,5.9,87.1
157,53.1,10.8,6.6,7.9,9.2,4,4.49,11,42,9,9.5,1,40,10,13,2,3,15.9,94.9
158,70.0,8.5,5.1,3.7,4.6,3,14.81,6,47,0,6.8,3,25,15,11,3,3,5.3,94.1
159,68.6,7.0,6.7,6.1,6.8,3,8.97,7,45,14,6.0,1,5,16,13,3,2,4.1,90.1
160,54.0,3.0,7.4,5.1,4.9,3,3.86,12,50,6,0.9,4,15,17,8,4,2,14.3,87.8
161,43.0,7.1,6.4,4.3,5.8,1,4.95,8,38,4,7.8,1,47,13,11,4,0,14.9,99.3
162,63.1,10.5,6.1,4.8,5.0,4,11.47,8,51,9,10.6,2,32,6,11,5,3,17.5,98.7
163,76.5,3.2,7.8,5.9,7.9,3,11.42,4,36,12,12.4,3,7,16,14,1,2,16.0,86.9
164,41.6,4.5,5.1,3.1,3.6,3,6.25,10,39,10,21.4,3,55,10,10,2,1,9.3,82.8
165,75.2,4.6,6.1,5.3,6.4,3,16.66,8,31,1,9.1,3,7,15,9,6,1,2.0,89.2
166,65.5,7.2,5.8,7.0,5.0,3,14.0,6,42,0,6.8,1,48,17,13,1,0,9.0,93.5
167,59.2,2.1,5.1,4.0,4.9,3,10.31,11,36,5,10.7,3,51,17,7,3,2,9.6,99.7
168,57.0,5.5,5.5,4.4,7.5,3,7.28,11,32,8,8.2,6,52,10,15,3,3,5.7,86.0
169,45.0,2.4,6.9,4.1,5.1,1,2.06,12,38,10,9.4,1,52,13,8,6,4,10.6,81.0
170,83.2,1.4,7.4,5.3,6.2,3,12.87,9,41,16,24.0,2,5,16,11,5,3,5.2,94.0
171,45.7,8.8,5.5,5.0,7.1,1,9.57,6,50,8,5.0,2,30,8,15,5,1,3.6,94.1
172,74.8,7.8,7.3,5.0,6.5,3,10.29,11,45,5,11.2,1,27,17,7,2,2,8.9,92.9
173,67.9,2.0,6.1,4.7,7.3,3,9.62,8,41,7,2.1,7,5,15,17,4,2,0.7,97.9
174,67.6,2.3,5.8,4.6,7.9,1,8.22,8,48,20,5.2,2,53,14,5,1,3,3.9,99.5
175,78.3,2.6,6.0,6.3,6.8,4,13.89,6,34,8,9.3,5,31,10,10,1,2,6.4,87.8
176,56.2,7.6,5.8,3.5,6.0,2,13.87,7,46,3,2.4,3,25,10,12,5,4,8.8,95.4
177,57.2,5.9,8.3,7.2,6.3,2,11.44,7,42,16,8.5,5,8,12,8,6,6,17.5,89.3
178,52.0,21.4,6.5,4.9,5.8,0,10.21,12,45,10,5.5,6,58,11,14,2,2,9.4,95.4
179,74.1,5.8,8.2,3.5,7.8,5,13.27,7,58,9,7.1,2,21,12,11,3,3,9.1,92.2
180,63.5,2.4,7.1,6.0,5.4,0,10.16,11,40,20,6.3,1,15,15,14,6,2,2.7,95.0
181,71.9,11.1,8.6,7.0,6.9,4,9.96,10,49,8,2.2,2,35,12,15,4,2,8.0,100.0
182,72.3,10.5,8.3,6.9,7.4,1,13.23,8,34,1,6.7,2,8,17,10,4,1,8.5,83.9
183,53.9,5.2,5.1,4.7,5.4,2,10.0,11,57,18,17.5,5,8,15,14,1,1,5.1,99.0
184,57.7,4.8,7.4,7.5,4.3,3,4.23,10,45,20,2.5,5,42,11,11,6,2,6.3,93.9
185,49.6,12.0,7.7,6.9,7.6,1,3.55,8,43,13,5.4,2,10,14,10,4,2,10.8,100.0
186,24.9,14.4,4.9,4.8,6.6,2,0.75,8,46,15,26.9,4,23,20,9,3,1,3.5,81.6
187,41.0,2.0,4.4,4.0,6.3,0,7.39,10,51,10,5.1,6,29,16,13,6,2,3.1,100.0
188,57.5,3.7,9.3,6.4,6.4,2,8.41,12,38,3,25.6,3,15,12,13,2,1,8.0,90.4
189,39.4,7.4,4.4,3.0,6.7,5,9.67,9,44,4,2.3,4,41,13,15,6,1,7.9,97.2
190,58.5,1.9,5.2,6.0,7.0,3,9.9,14,46,11,1.8,2,14,18,8,5,0,7.4,89.3
191,87.0,1.3,7.3,8.2,6.3,2,10.03,7,52,4,9.7,2,36,8,11,4,1,14.5,95.7
192,62.9,8.8,5.6,5.5,5.6,5,11.32,7,40,3,0.7,2,16,14,9,2,4,6.4,94.4
193,45.3,1.6,6.3,5.5,7.1,0,5.26,7,41,4,10.9,1,39,11,9,1,0,4.4,100.0
194,48.2,2.4,5.8,4.9,7.4,5,12.45,5,34,16,5.2,2,21,12,13,3,4,0.8,97.8
195,53.8,1.4,5.3,6.3,5.5,2,11.71,8,38,14,3.2,1,30,11,12,1,2,4.4,91.5
196,55.3,3.2,7.0,5.9,3.7,1,9.17,14,44,21,31.1,3,33,16,7,6,1,5.1,96.4
197,46.8,1.3,6.7,3.4,7.9,5,6.23,10,43,13,6.2,5,29,8,5,5,0,3.0,99.6
198,66.0,2.9,5.5,2.3,7.7,3,13.75,10,40,11,8.7,4,7,13,10,4,2,1.9,88.5
199,63.5,0.8,6.3,5.6,7.5,1,14.61,11,38,14,11.0,3,17,15,11,3,5,10.4,91.5
200,57.5,4.2,7.0,6.4,5.8,1,10.52,6,53,21,22.2,2,20,18,20,1,2,13.4,91.5
201,65.1,2.4,4.5,3.9,8.1,1,11.57,6,46,10,3.6,3,6,16,11,4,1,11.9,88.0
202,64.1,3.7,7.2,7.0,7.1,4,10.03,14,34,4,6.8,1,55,13,9,1,3,4.6,88.6
203,71.2,1.5,4.9,4.7,6.0,2,10.59,8,34,18,8.0,4,59,7,8,1,4,6.6,86.9
204,70.1,0.9,6.0,6.8,5.4,1,10.61,10,46,4,10.2,5,45,15,6,4,1,7.1,97.0
205,60.8,0.6,4.6,5.6,8.8,4,8.69,9,48,5,8.2,0,11,12,18,6,3,1.8,91.2
206,46.0,5.4,7.1,5.2,6.7,0,11.65,9,37,19,8.0,3,37,13,8,1,0,1.2,76.4
207,48.4,5.6,6.4,7.7,6.4,4,4.75,9,50,11,4.3,3,13,11,9,1,4,14.8,94.7
208,53.6,1.5,4.2,6.3,5.1,5,10.75,12,57,13,6.6,3,1,10,10,6,3,4.9,100.0
209,70.4,1.7,8.0,5.7,7.5,0,11.66,10,55,4,4.7,2,48,13,14,1,1,14.1,82.0
210,67.8,2.1,7.6,5.8,6.2,3,8.18,8,45,17,1.5,3,37,13,17,3,2,9.4,92.6
211,48.0,9.4,5.0,4.6,8.9,0,10.46,3,41,14,9.3,1,41,13,9,6,5,9.9,98.7
212,62.5,3.2,7.0,6.0,6.7,5,9.64,7,39,7,5.2,0,43,13,11,2,1,3.3,86.1
213,60.5,6.1,5.5,4.9,7.2,4,13.1,4,39,12,3.0,2,39,15,8,2,1,7.8,97.1
214,63.0,4.6,7.9,5.9,5.3,2,12.38,6,40,15,7.5,5,47,13,13,2,1,9.7,94.5
215,58.1,4.7,8.4,8.4,4.8,5,6.92,8,53,21,3.9,4,25,12,9,5,2,1.8,98.0
216,64.7,0.8,7.7,6.4,5.2,1,10.8,9,35,21,7.3,1,31,14,17,6,3,5.2,93.5
217,51.8,3.5,6.7,3.5,5.8,2,5.13,8,38,7,4.0,4,45,12,12,1,1,10.2,89.8
218,69.7,5.6,6.3,6.9,4.6,1,13.92,10,33,4,11.3,3,21,14,7,4,4,5.2,83.7
219,62.6,9.4,6.3,5.7,4.9,4,11.75,13,52,8,3.3,0,33,12,8,4,4,7.7,93.2
220,96.1,3.8,7.2,5.6,4.6,2,14.42,8,35,4,14.0,0,3,7,15,2,3,6.0,89.4
221,47.8,1.1,5.8,3.9,7.0,2,3.76,7,47,18,6.1,1,50,11,11,5,2,3.3,99.2
222,54.2,1.5,5.8,6.0,7.6,5,7.5,11,42,15,1.7,2,42,14,9,1,2,7.6,88.4
223,67.4,7.3,6.8,4.6,5.3,4,12.58,8,41,18,5.7,0,57,14,15,2,1,15.4,95.7
224,46.1,9.4,5.0,3.9,8.5,2,9.54,12,47,7,5.8,1,10,10,9,4,1,7.6,97.3
225,59.4,5.0,5.5,5.7,7.0,5,9.33,10,58,3,14.5,3,19,14,11,2,3,21.5,84.7
226,40.1,5.3,6.5,6.7,6.5,0,3.76,11,41,20,5.6,2,54,9,10,3,2,6.7,83.1
227,72.0,3.2,9.6,5.1,6.8,3,6.3,8,40,15,4.6,2,24,14,11,1,3,4.9,91.9
228,62.7,5.3,6.8,6.9,8.9,0,9.16,7,45,13,3.9,0,28,16,10,5,5,3.4,91.6
229,59.7,2.3,5.8,4.7,7.4,3,5.39,6,34,5,8.7,3,31,8,7,2,0,2.4,82.4
230,61.3,2.2,6.6,5.8,8.0,0,9.38,11,55,2,18.7,4,7,8,9,3,2,7.5,92.9
231,61.7,0.7,6.7,5.1,10.0,3,11.2,8,44,14,5.1,2,41,16,10,5,4,16.3,93.4
232,49.5,2.7,6.0,6.2,6.1,0,4.33,2,37,9,0.9,2,36,13,17,4,2,7.6,89.2
233,61.8,1.5,4.9,5.7,6.2,1,11.25,9,43,0,2.1,6,59,18,10,3,2,6.0,96.4
234,54.2,1.6,6.1,5.9,7.1,5,4.7,10,39,11,5.8,0,9,15,8,4,2,2.5,91.9
235,64.2,3.6,5.5,5.2,5.1,5,11.29,8,41,2,11.4,6,52,18,6,1,5,5.5,92.2
236,57.0,4.8,6.0,6.0,5.6,1,8.51,6,35,11,2.2,3,48,15,9,5,1,6.7,90.7
237,71.9,6.5,8.2,6.7,5.3,3,9.42,10,41,5,30.3,1,18,7,13,1,0,5.2,83.4
238,49.2,2.1,6.1,4.9,9.0,1,5.81,5,47,8,10.1,4,1,16,10,1,3,3.1,93.4
239,47.7,1.5,3.9,3.3,7.2,0,8.4,10,48,13,11.5,2,35,15,10,4,2,11.8,88.6
240,55.1,3.8,4.6,6.2,5.9,4,6.78,11,40,12,11.8,2,10,9,12,1,8,9.0,90.0
241,55.8,1.4,6.9,5.9,5.3,5,6.52,7,38,6,11.2,4,55,13,18,2,3,6.5,91.7
242,62.1,3.4,7.9,4.3,7.5,3,6.58,8,38,5,8.6,2,48,13,13,2,1,1.5,92.1
243,51.0,4.0,5.0,3.4,7.8,3,5.27,5,33,12,25.6,1,51,13,17,1,4,6.2,94.3
244,70.6,5.7,7.2,3.7,5.9,4,14.27,8,38,1,15.8,8,28,13,11,1,1,3.7,100.0
245,61.0,4.5,6.4,7.5,7.8,4,9.09,4,37,9,7.3,4,42,10,17,3,1,3.3,95.8
246,58.0,2.6,5.3,3.9,5.6,0,10.71,9,35,9,5.1,3,46,15,10,6,0,13.9,90.6
247,66.4,2.9,7.4,6.4,8.2,0,12.1,7,41,0,6.5,1,35,17,10,4,3,3.5,89.6
248,44.9,12.2,3.5,2.7,7.2,4,9.15,7,66,14,0.3,8,59,15,12,2,4,7.5,87.9
249,61.6,3.5,6.6,5.5,6.1,2,6.95,10,42,6,7.8,2,35,15,12,4,5,4.6,89.9
250,59.8,8.6,7.4,5.8,4.6,4,9.92,8,38,19,9.6,2,26,10,13,1,3,18.1,98.6
251,74.1,2.0,7.6,8.5,6.6,1,11.52,8,38,15,11.5,2,40,19,15,3,3,1.4,92.8
252,57.1,2.3,3.9,5.8,7.2,5,8.67,7,27,13,5.4,2,3,11,10,4,1,7.4,93.9
253,66.1,6.4,5.7,5.5,9.1,3,11.42,8,39,6,2.5,2,36,18,17,4,0,3.6,95.1
254,50.8,11.6,6.1,5.7,5.9,5,12.34,11,42,2,1.0,2,25,18,12,4,4,7.3,92.1
255,44.8,7.7,7.5,6.4,6.3,0,2.59,8,47,12,7.0,4,5,15,15,1,0,3.9,99.9
256,63.3,0.5,6.1,5.3,5.3,2,11.1,5,34,18,17.0,3,34,13,12,3,0,2.7,92.3
257,49.9,1.8,6.4,5.5,7.2,3,2.53,11,47,6,4.9,3,13,17,6,4,2,8.4,100.0
258,71.5,5.6,6.3,4.7,6.1,2,13.61,6,36,5,7.6,1,60,20,12,4,2,13.8,85.1
259,60.2,3.4,7.4,6.3,5.1,5,14.57,12,42,4,7.9,6,40,10,12,2,1,4.1,93.3
260,75.8,1.6,7.1,5.5,6.0,4,14.91,7,36,1,8.0,5,11,10,11,3,1,5.5,100.0
261,47.2,1.3,4.8,4.3,6.1,4,7.61,7,43,5,7.6,2,13,21,9,2,3,6.1,87.8
262,47.3,4.5,4.9,7.0,5.3,5,8.57,6,42,21,5.3,1,54,18,14,3,3,10.7,93.7
263,42.7,12.5,5.9,5.3,6.8,1,7.87,11,38,2,8.2,3,17,15,12,3,5,12.8,100.0
264,39.7,6.7,5.7,5.3,5.6,0,5.58,9,37,11,24.8,2,32,11,15,4,1,2.9,91.7
265,64.3,3.6,6.3,6.4,5.8,3,9.77,5,54,21,5.1,2,12,13,13,6,3,7.3,94.1
266,43.1,5.2,6.4,3.6,6.4,3,5.01,9,49,12,4.3,0,47,14,6,3,3,5.4,88.0
267,64.5,4.0,5.6,4.8,4.1,0,14.8,4,35,12,34.3,3,47,15,12,2,2,21.0,84.4
268,21.8,2.6,5.6,3.6,6.7,5,0.0,15,46,17,7.1,2,24,15,9,6,1,28.0,86.0
269,35.5,18.5,5.4,6.5,5.9,1,6.78,9,46,5,15.0,2,18,14,12,2,1,11.3,89.0
270,72.6,2.5,7.1,4.4,5.3,5,14.96,5,37,1,4.7,1,29,16,10,2,0,8.7,95.5
271,56.2,4.5,5.5,2.9,9.0,2,10.92,7,38,18,9.6,6,40,11,9,4,0,7.2,86.9
272,59.5,8.4,6.1,5.2,7.0,1,11.69,6,43,6,3.4,5,44,12,12,6,3,4.8,93.7
273,62.6,8.0,6.7,6.3,5.3,1,8.41,6,42,0,10.9,2,40,11,11,2,6,2.2,96.6
274,48.8,3.1,6.5,6.2,4.3,5,13.39,9,54,2,1.0,4,58,17,7,5,5,3.3,98.2
275,31.3,15.8,5.5,6.4,5.4,0,8.45,15,57,6,3.6,1,26,15,17,1,3,1.0,89.0
276,47.1,2.2,5.0,3.7,8.3,4,8.94,6,39,6,16.5,3,58,17,14,3,1,4.7,94.8
277,58.8,3.5,6.0,4.2,3.4,2,8.55,16,53,18,4.4,1,35,11,9,6,1,14.0,82.4
278,71.1,0.5,9.1,7.1,7.0,2,9.19,7,43,6,7.3,3,14,14,8,6,2,11.8,81.5
279,60.1,4.8,5.9,7.1,4.9,4,8.81,7,37,18,11.3,1,37,18,7,6,1,5.7,93.4
280,67.7,4.6,7.6,6.4,6.7,1,9.25,11,33,5,1.0,2,40,13,15,6,1,7.9,98.9
281,44.5,6.1,6.3,5.1,9.6,5,5.79,8,46,14,8.7,1,36,23,9,5,1,7.1,93.0
282,52.2,4.4,4.5,3.3,8.0,5,10.88,6,31,4,10.0,2,35,13,11,5,4,3.6,95.6
283,50.6,7.5,6.5,6.5,6.9,1,3.82,12,50,17,2.8,1,17,18,9,2,3,9.0,87.9
284,37.6,3.4,5.6,4.3,6.1,5,8.09,4,37,12,4.2,6,19,18,15,5,3,10.7,91.5
285,70.7,4.4,7.0,6.3,7.5,2,8.92,7,45,17,9.3,3,32,12,8,4,2,9.8,90.9
286,62.6,3.3,7.9,5.5,5.2,4,12.85,8,35,9,2.6,4,31,9,13,4,1,5.4,96.2
287,43.2,8.1,4.5,3.6,5.0,1,5.84,7,38,21,8.0,4,42,21,13,3,5,3.8,83.7
288,66.2,4.9,7.5,7.8,6.5,2,11.6,11,46,7,4.6,2,44,15,12,3,2,4.2,95.6
289,55.8,4.6,5.2,3.0,9.0,1,9.58,4,60,0,4.4,2,35,14,15,2,1,5.2,99.7
290,51.4,2.0,5.3,5.2,6.9,0,6.16,3,36,1,1.1,4,52,17,11,3,5,21.0,89.5
291,70.5,7.6,9.1,7.9,8.1,3,7.6,7,48,15,3.8,2,38,6,12,3,1,15.5,89.8
292,58.0,7.8,7.0,5.5,5.6,1,8.71,8,51,16,2.8,0,38,18,15,4,3,2.5,94.2
293,43.8,0.4,5.9,6.9,6.6,5,2.1,11,39,21,5.5,2,26,16,9,2,1,5.9,95.1
294,50.2,3.1,5.8,6.2,4.4,0,9.96,12,34,17,8.8,3,56,13,14,1,3,5.9,90.7
295,69.7,1.6,6.1,6.1,6.7,4,14.66,9,37,5,4.6,2,8,11,14,3,1,8.8,99.4
296,47.3,11.9,5.3,7.0,5.5,2,5.15,11,41,11,25.6,2,29,16,10,3,2,5.2,100.0
297,57.9,3.3,5.2,7.5,8.1,1,11.28,11,52,18,18.1,5,5,10,11,5,1,7.1,89.7
298,50.6,6.8,5.5,6.5,7.4,0,8.99,9,51,16,11.6,0,39,12,16,3,4,3.7,93.4
299,58.8,2.2,5.4,5.3,7.3,1,8.41,9,33,17,6.9,5,45,10,7,1,1,8.9,87.3
300,66.4,7.0,7.3,7.7,8.1,2,7.39,8,44,2,17.1,3,60,12,10,2,2,2.9,95.5
301,67.4,4.1,5.4,4.9,5.9,3,11.58,7,45,11,1.2,2,23,15,16,5,1,4.9,89.9
302,59.5,3.9,3.4,3.0,3.2,1,9.81,11,31,1,6.4,0,45,10,16,4,1,17.1,95.1
303,48.3,6.2,4.8,6.7,4.0,1,12.3,11,33,18,23.8,2,18,11,7,5,3,11.4,98.8
304,73.5,6.7,8.6,5.6,6.4,2,12.09,5,52,11,14.7,3,12,15,11,1,3,10.1,100.0
305,54.2,6.8,5.2,6.4,4.6,4,8.53,11,45,4,11.2,3,53,11,7,5,5,11.9,91.3
306,49.6,7.0,7.4,4.1,5.3,5,13.27,15,28,21,0.8,3,17,18,12,2,4,4.5,91.6
307,43.6,2.9,6.3,6.8,5.5,3,3.07,5,48,13,13.2,2,19,17,5,3,2,1.4,98.8
308,68.4,4.9,8.3,6.9,6.7,1,8.78,8,40,12,3.4,1,55,11,11,4,1,11.7,94.3
309,53.4,3.9,4.8,3.6,2.4,3,12.27,8,50,1,16.3,0,52,15,13,3,3,5.1,92.1
310,55.8,6.7,6.3,6.8,7.2,2,4.99,11,51,20,1.4,1,10,16,10,6,3,5.6,98.5
311,36.0,3.2,5.4,3.5,7.1,0,4.82,14,38,20,18.2,2,27,8,10,1,0,6.6,87.8
312,56.6,3.5,7.3,6.1,6.2,1,9.4,8,54,3,27.2,1,32,13,10,6,1,3.5,100.0
313,73.7,0.5,4.4,5.0,6.1,3,11.43,8,47,12,10.7,2,36,15,14,4,5,13.2,96.7
314,38.9,14.1,5.9,5.8,8.9,3,2.46,14,42,8,1.7,1,26,15,16,4,1,5.8,84.2
315,60.4,2.6,5.3,5.8,6.4,3,10.71,5,44,13,5.0,3,22,13,17,4,4,15.0,92.1
316,51.9,0.9,5.0,5.3,2.8,4,9.12,6,51,9,11.1,2,20,12,9,2,0,2.5,93.1
317,61.7,1.4,7.3,5.8,8.1,1,7.81,7,50,10,5.9,3,57,15,14,1,1,2.3,89.4
318,55.7,2.7,5.4,3.1,4.7,1,10.28,7,44,10,13.3,1,24,8,12,4,1,5.7,91.1
319,78.1,8.1,8.4,7.0,6.4,3,12.82,10,39,4,6.7,1,2,8,7,6,1,24.4,87.0
320,50.7,7.9,4.3,2.0,8.6,2,8.57,6,34,2,14.0,3,49,14,9,5,1,3.1,86.4
321,69.5,5.7,6.8,7.7,4.9,3,14.54,6,31,9,8.2,4,47,11,13,3,1,5.2,95.9
322,55.0,10.1,6.5,5.5,5.9,5,8.05,10,46,1,22.5,1,22,15,8,2,2,21.4,94.8
323,65.3,2.7,5.3,6.9,7.2,2,9.51,7,34,20,10.6,0,40,8,14,3,0,6.3,100.0
324,63.3,5.7,5.7,5.8,6.0,0,10.8,9,42,21,2.5,1,37,8,10,2,2,7.1,85.8
325,45.9,2.9,5.9,4.1,7.4,3,5.75,11,40,15,2.3,1,12,20,14,3,2,8.4,87.0
326,46.6,2.7,5.8,3.7,5.6,3,5.91,12,35,16,5.5,0,32,14,15,6,2,5.2,100.0
327,62.8,3.7,7.6,7.6,5.7,3,10.12,6,33,20,7.0,5,18,11,7,4,0,15.2,87.3
328,49.2,2.6,4.8,1.1,6.2,0,11.91,5,41,11,10.8,2,45,11,5,5,2,13.6,94.5
329,64.3,8.3,4.9,3.6,6.1,1,12.17,10,50,12,9.3,3,3,19,13,5,1,22.2,98.4
330,65.4,3.4,6.5,8.7,7.0,5,11.06,6,39,7,6.2,0,13,18,15,2,3,10.4,77.9
331,58.0,2.2,4.9,5.8,7.7,0,11.7,6,36,0,8.4,0,12,13,7,3,1,10.0,100.0
332,70.9,6.2,5.6,6.3,8.2,0,13.5,14,42,2,3.1,1,15,14,13,1,3,7.3,97.3
333,62.3,3.9,6.1,5.3,4.5,5,12.35,9,48,9,16.9,2,10,11,10,3,1,7.0,92.0
334,41.4,9.8,6.3,6.7,5.9,5,3.71,7,44,17,11.0,1,47,20,14,5,1,14.3,93.9
335,53.2,8.8,5.6,4.9,6.4,2,6.63,8,48,9,2.5,3,13,18,15,4,1,1.8,85.2
336,50.8,3.0,6.7,5.5,7.8,5,1.56,7,33,17,2.8,5,23,11,13,3,3,6.5,91.6
337,46.7,4.2,6.9,6.5,7.6,5,3.85,9,36,5,13.3,5,40,7,12,3,1,4.5,94.2
338,59.7,5.4,7.6,6.4,5.0,3,11.97,12,39,11,10.2,2,6,14,14,5,7,4.7,86.7
339,65.9,1.9,7.9,6.8,9.2,3,7.99,7,43,14,5.5,1,33,11,10,1,3,11.9,91.3
340,48.8,1.2,5.4,7.3,6.2,5,5.76,9,43,9,19.7,4,56,18,13,2,5,19.7,95.7
341,79.6,11.8,9.0,9.0,9.7,4,5.23,10,48,0,3.1,2,32,7,9,6,3,9.7,95.8
342,58.1,6.6,7.9,5.9,5.3,2,7.9,9,44,9,4.1,2,60,12,10,1,2,7.1,98.2
343,51.4,18.8,7.6,4.8,5.6,2,8.35,4,46,17,11.5,4,3,12,15,1,3,16.0,86.5
344,75.4,1.2,7.5,5.5,8.6,4,12.39,4,46,13,11.6,5,29,16,4,5,0,13.1,100.0
345,59.9,3.3,7.5,6.0,5.8,1,11.51,10,43,16,6.3,2,18,16,10,5,1,3.9,96.7
346,58.4,1.9,6.2,5.8,6.6,0,11.52,8,37,10,2.0,2,13,15,13,4,2,29.3,95.4
347,45.1,6.9,5.7,7.2,8.1,1,7.54,9,44,19,5.4,3,52,10,7,3,0,6.1,98.2
348,64.8,4.7,7.0,9.4,7.3,2,11.84,10,36,15,17.3,2,44,11,12,6,0,19.2,100.0
349,62.8,5.4,5.3,6.1,9.4,1,9.52,7,52,16,7.3,3,48,12,14,2,3,3.0,99.0
350,36.8,11.1,5.1,4.5,5.6,0,10.02,11,33,16,3.5,2,1,16,13,4,3,5.4,97.5
351,57.8,3.7,5.2,4.4,6.8,4,7.82,6,48,6,4.4,3,17,11,11,4,0,5.7,95.3
352,72.6,3.6,5.5,2.1,5.5,3,15.42,11,44,21,27.0,3,55,20,13,3,4,1.8,95.1
353,70.5,5.5,6.6,6.7,7.5,2,11.06,5,37,0,8.5,3,13,19,11,2,0,4.4,90.1
354,65.5,14.4,6.1,5.6,7.8,2,10.65,10,38,7,7.1,2,53,15,10,3,1,1.2,88.7
355,58.0,5.8,5.9,5.9,7.2,1,8.82,6,47,20,3.8,2,41,9,10,3,4,2.4,92.2
356,66.2,3.9,7.4,4.8,5.0,2,13.94,4,47,12,10.6,6,23,12,6,1,4,2.9,97.9
357,50.5,1.9,5.2,5.0,7.2,4,3.73,8,44,12,8.2,1,36,16,8,6,1,6.4,95.8
358,55.1,6.0,7.2,6.2,5.1,1,4.19,10,45,18,3.4,2,38,9,9,4,1,3.5,91.4
359,56.9,3.4,8.4,7.7,5.5,2,1.25,9,40,9,3.5,1,2,15,10,5,2,15.5,89.0
360,42.0,1.7,4.7,2.9,5.9,4,2.66,12,32,9,2.7,4,17,10,12,4,2,11.9,90.9
361,66.1,2.6,6.6,7.9,6.6,2,9.27,8,40,20,19.9,4,2,16,10,2,1,3.1,87.5
362,46.3,7.0,5.1,5.7,7.1,3,9.72,9,34,14,7.5,4,28,15,6,5,3,3.6,90.6
363,73.1,6.5,7.8,6.4,5.4,3,8.63,13,49,11,16.5,2,57,9,11,1,4,14.2,98.2
364,37.6,7.6,6.0,4.3,6.1,0,10.74,11,47,4,3.1,4,10,13,12,6,3,6.1,93.6
365,64.8,5.6,5.1,4.7,9.1,0,12.36,4,34,7,26.7,3,43,8,11,1,3,11.6,94.1
366,56.5,4.9,3.4,4.6,6.2,2,12.25,15,37,21,4.9,1,7,19,7,1,4,20.5,89.0
367,58.3,1.0,5.0,4.4,7.0,5,14.06,10,48,3,14.4,2,15,16,10,1,2,7.4,98.2
368,49.0,3.9,5.0,5.3,5.5,2,6.01,12,45,17,12.2,3,5,16,13,1,2,17.1,99.8
369,61.2,1.7,6.7,5.0,9.6,1,12.26,8,44,11,19.8,4,49,14,8,1,2,6.2,92.3
370,57.0,2.0,6.4,6.0,5.5,5,11.0,5,49,15,4.1,1,40,13,14,1,1,3.1,83.6
371,49.5,2.7,6.5,4.7,6.2,2,7.57,11,45,9,1.7,1,50,14,12,3,2,3.5,92.2
372,56.4,1.7,8.8,4.6,6.0,0,9.87,9,38,7,3.1,1,36,12,10,5,1,3.1,92.7
373,40.9,3.9,3.8,2.6,6.0,0,13.02,15,47,4,1.8,4,38,12,13,6,2,0.6,87.4
374,72.1,1.7,5.3,4.3,7.5,4,13.34,10,49,18,2.2,1,54,20,8,4,1,8.7,100.0
375,55.5,5.8,4.8,5.0,6.0,2,12.09,9,53,12,3.3,2,27,6,11,2,1,11.3,91.6
376,55.4,4.4,6.0,5.7,7.3,4,7.89,4,45,6,13.0,3,60,14,14,6,3,6.7,92.8
377,55.7,6.1,5.1,5.8,9.1,5,7.68,4,49,11,17.3,2,24,16,8,1,1,1.6,94.2
378,66.1,2.2,6.6,5.5,4.8,3,9.57,7,38,21,0.5,2,26,14,13,3,2,3.5,88.2
379,59.0,4.0,7.4,6.6,5.7,2,8.4,9,38,4,9.1,5,16,14,16,2,2,8.0,91.7
380,66.0,1.2,7.2,5.7,5.0,4,12.15,10,37,17,19.7,4,42,15,8,6,2,2.6,80.0
381,51.1,3.6,8.0,7.3,6.4,5,8.72,7,36,14,3.5,3,22,8,19,2,7,5.8,89.0
382,64.2,2.8,6.0,5.0,5.6,4,14.87,7,46,13,2.5,4,8,19,12,3,0,3.4,85.6
383,71.6,0.9,5.1,2.7,7.0,2,12.41,9,43,8,2.4,5,20,14,16,6,4,11.3,90.7
384,69.1,1.9,6.5,5.7,1.7,3,13.7,12,43,5,4.9,1,28,20,8,6,3,8.8,92.1
385,43.9,10.8,5.7,4.8,7.6,3,5.86,20,31,21,13.4,6,38,10,5,4,0,5.2,90.1
386,56.3,1.3,4.8,5.3,5.3,2,6.39,11,38,1,4.0,3,2,19,13,2,0,2.9,90.8
387,57.3,3.6,6.9,8.5,6.6,5,6.26,9,44,16,3.6,1,3,8,13,2,4,1.7,88.1
388,55.8,1.4,6.8,6.7,3.4,1,5.31,7,41,8,5.5,0,12,13,11,3,3,7.7,100.0
389,97.1,2.3,8.0,7.6,7.9,2,15.09,8,43,20,9.1,2,29,10,6,6,0,6.7,85.8
390,62.0,2.4,7.5,7.3,3.3,2,9.52,10,48,0,23.6,3,37,15,12,1,2,1.5,93.0
391,48.6,5.3,5.9,5.8,4.4,4,9.66,9,51,9,15.9,1,30,15,14,5,3,8.1,93.4
392,64.9,3.2,5.6,5.7,6.5,0,12.03,7,39,2,19.3,1,4,12,12,1,1,12.4,92.9
393,52.2,1.6,6.8,6.4,4.7,0,11.45,16,45,6,4.8,3,15,20,12,2,4,5.2,85.9
394,43.5,4.7,4.9,5.6,5.1,1,0.0,17,43,8,13.2,1,33,13,6,4,0,1.8,100.0
395,58.6,7.7,6.7,4.1,9.0,0,8.67,9,47,8,13.3,2,43,14,10,6,2,5.9,100.0
396,12.8,18.1,4.1,4.8,6.8,4,9.98,7,39,6,6.2,5,22,15,18,2,3,19.1,86.4
397,69.8,6.5,7.3,4.8,5.6,2,10.33,9,38,1,4.1,3,51,11,15,6,2,10.2,100.0
398,41.6,6.8,6.9,4.6,5.3,5,6.4,9,51,8,2.0,5,47,18,12,5,1,4.9,94.9
399,50.4,4.9,7.3,4.9,7.2,5,5.87,8,36,18,4.3,0,13,12,7,2,5,5.0,85.0
400,42.5,3.6,5.3,5.1,7.1,3,4.32,12,37,5,3.7,4,49,20,7,3,1,6.7,100.0
401,54.3,5.0,6.5,5.9,5.6,3,10.68,7,33,21,6.6,2,49,8,14,3,3,16.9,89.1
402,43.3,1.9,5.6,3.7,3.3,1,5.12,9,51,11,3.2,1,14,16,11,6,0,29.5,95.2
403,79.7,7.7,8.8,5.1,5.1,2,13.02,3,43,21,13.0,2,37,11,10,1,2,0.7,90.2
404,46.1,1.9,8.2,4.6,2.6,0,8.08,7,36,15,6.2,1,45,15,9,5,2,3.6,87.9
405,60.9,4.8,7.7,4.7,4.6,3,9.92,15,40,13,4.7,3,41,9,9,2,2,5.3,95.4
406,56.5,4.4,4.7,7.7,6.8,5,9.34,9,50,3,5.5,1,12,13,9,3,3,12.8,96.9
407,67.8,2.1,6.3,6.0,8.0,3,12.23,4,40,15,3.0,3,14,15,14,2,3,12.0,91.1
408,53.4,1.7,5.5,3.3,7.8,3,5.81,6,41,10,6.9,3,9,14,17,5,2,9.6,94.8
409,79.2,4.3,7.4,6.1,6.9,5,12.76,7,46,4,5.5,3,46,13,13,4,2,6.3,92.5
410,43.7,9.0,5.4,5.1,7.4,5,8.07,5,37,6,1.2,3,1,12,17,6,3,9.8,87.1
411,47.6,1.4,4.7,6.5,4.0,3,5.96,7,50,9,2.5,1,32,14,9,3,2,0.9,89.1
412,38.0,4.0,5.2,5.3,6.9,5,3.89,8,36,20,20.0,0,40,18,16,3,3,1.8,98.4
413,61.5,2.4,7.0,7.6,3.6,4,12.53,10,46,13,4.7,2,22,17,12,1,5,2.6,95.6
414,67.5,22.0,7.7,6.2,4.7,0,11.63,7,36,16,2.5,3,59,13,10,3,3,2.0,99.3
415,45.7,3.6,6.5,8.6,6.4,0,2.62,7,46,12,5.4,2,37,8,10,3,1,6.6,100.0
416,58.8,2.3,7.5,6.2,9.1,0,6.15,6,41,3,13.2,2,43,10,11,1,3,4.4,94.7
417,31.8,8.3,3.5,3.6,5.4,5,11.7,9,41,2,5.7,3,45,15,10,2,3,4.2,88.8
418,65.9,4.4,7.3,6.4,4.9,0,7.73,4,43,6,4.6,3,46,15,13,2,2,15.2,86.9
419,56.5,1.1,6.3,5.2,7.0,4,9.66,11,40,20,14.2,2,38,15,9,5,1,5.9,93.2
420,86.9,0.3,7.7,4.8,7.3,4,13.3,10,41,9,9.3,2,52,11,6,6,5,1.0,91.2
421,60.3,5.0,4.7,6.1,4.6,3,9.57,9,52,17,3.2,6,39,19,9,1,1,6.0,89.7
422,44.4,8.8,6.2,5.4,6.4,1,7.23,8,40,4,2.0,2,31,11,18,2,2,4.1,97.5
423,64.3,4.4,6.6,7.9,5.2,0,11.17,8,45,10,20.9,2,11,10,7,6,1,1.5,93.6
424,55.0,7.4,5.0,6.4,7.2,2,9.04,11,47,8,4.9,4,23,9,14,6,2,7.2,92.3
425,53.6,4.7,5.5,4.9,6.8,1,9.89,13,30,17,2.0,3,50,12,9,2,2,11.0,97.0
426,49.4,2.5,6.0,5.8,6.4,5,2.91,9,61,10,11.5,2,6,10,15,4,2,3.5,96.4
427,54.1,7.2,6.8,4.6,6.1,2,9.0,6,30,13,7.3,5,52,12,11,5,4,6.4,85.6
428,66.1,9.1,6.4,4.2,6.9,3,9.55,13,43,11,7.6,3,19,12,11,2,1,3.0,88.5
429,51.4,1.4,6.8,5.9,5.1,3,4.07,8,28,19,22.3,3,12,6,11,2,3,1.7,91.4
430,67.7,1.6,5.9,4.9,8.7,2,13.11,9,43,21,15.3,2,31,19,9,4,1,5.0,99.0
431,65.6,1.8,6.0,4.8,9.2,0,6.42,6,40,4,6.5,1,45,17,8,1,2,4.9,95.1
432,61.5,5.0,7.9,6.5,7.6,3,7.63,6,57,0,6.1,0,52,24,8,3,2,2.0,100.0
433,59.1,4.1,7.7,6.2,4.9,2,8.4,6,39,1,14.7,3,16,20,12,5,0,5.3,92.8
434,80.7,0.8,7.4,4.2,8.9,2,13.1,10,45,1,25.1,2,36,12,10,5,0,4.0,92.8
435,70.0,1.9,5.8,4.8,4.4,2,13.4,9,33,19,8.6,2,13,13,7,5,1,4.2,100.0
436,55.2,7.4,6.8,5.9,7.5,1,8.31,10,49,6,4.5,1,24,15,16,2,2,5.8,93.1
437,53.3,8.3,5.9,2.9,7.5,2,9.52,11,40,7,4.6,1,32,15,9,6,2,11.6,88.1
438,62.3,0.4,7.5,6.2,6.8,1,12.09,11,36,19,3.2,4,19,11,7,5,3,13.4,87.5
439,60.6,2.9,7.9,7.0,7.9,5,5.76,8,47,1,6.5,2,9,14,18,3,1,7.0,100.0
440,52.8,5.3,7.8,6.0,8.6,3,3.63,9,42,7,10.4,2,43,14,13,6,3,15.1,100.0
441,65.6,3.7,7.7,8.1,4.8,2,5.76,8,40,9,8.3,1,20,18,12,3,3,4.7,95.9
442,61.2,0.6,6.8,7.6,8.1,3,10.61,10,44,17,12.6,2,9,14,6,1,4,4.5,92.2
443,53.1,5.8,5.7,5.1,5.5,1,6.63,14,39,1,2.0,2,52,12,16,6,1,2.8,86.3
444,55.8,2.7,6.4,7.3,6.5,5,8.17,13,39,10,22.7,1,16,20,10,3,2,5.3,91.3
445,82.9,7.3,8.1,6.8,5.0,1,13.13,5,38,17,5.7,3,47,18,11,3,1,7.7,95.6
446,69.0,8.0,5.3,3.6,6.0,3,9.35,3,58,12,9.8,2,40,19,11,6,2,0.6,94.6
447,62.0,1.6,7.0,6.0,6.5,5,10.25,6,36,14,17.1,2,55,11,20,1,5,4.4,92.7
448,78.0,2.2,8.0,6.3,5.8,0,11.87,9,49,20,3.8,0,46,8,11,1,3,3.4,97.3
449,51.5,1.3,6.9,5.5,6.7,1,2.92,9,40,9,7.8,2,57,10,11,4,1,7.9,91.2
450,74.2,4.7,6.4,5.7,6.0,5,14.52,7,28,18,4.1,3,25,11,13,4,1,15.1,85.5
451,72.6,4.1,6.6,5.1,6.0,2,12.67,9,48,5,6.8,4,40,9,7,5,1,3.7,94.2
452,38.0,4.4,4.7,5.3,6.2,5,6.93,7,47,3,13.7,3,45,10,14,1,3,7.5,91.4
453,46.1,4.8,6.8,5.1,5.7,5,7.25,15,29,17,19.8,4,49,13,4,2,1,12.0,99.1
454,49.7,4.5,5.2,4.0,8.5,5,12.38,11,32,17,10.5,1,34,21,11,2,1,17.6,98.6
455,65.0,6.2,5.6,3.9,4.8,2,14.03,3,47,6,16.7,1,29,21,8,2,1,2.4,86.9
456,73.0,2.5,4.1,4.8,8.8,3,12.75,5,52,1,11.6,2,42,11,16,4,3,2.4,100.0
457,43.3,3.5,6.1,6.0,6.0,0,7.37,9,40,4,8.1,5,46,12,11,3,5,39.3,91.2
458,38.1,1.3,4.6,4.8,4.7,5,2.17,9,38,15,1.8,1,42,15,16,2,2,6.7,93.5
459,37.3,17.8,6.3,1.8,4.3,2,14.46,3,48,6,8.9,2,57,10,16,5,4,19.8,82.4
460,67.2,2.6,5.5,5.9,5.7,1,10.53,7,37,17,2.2,4,43,17,9,5,1,10.3,99.7
461,54.5,1.7,5.7,4.4,6.3,0,8.28,3,51,8,6.7,4,47,14,6,6,1,12.1,96.4
462,64.4,4.2,6.3,5.4,6.9,5,7.36,9,29,19,13.0,2,6,10,14,6,3,7.1,100.0
463,68.3,10.5,6.5,4.6,8.9,3,11.87,5,51,18,7.7,0,46,12,15,3,3,3.8,86.8
464,53.3,0.5,5.9,3.6,4.6,5,7.07,8,39,7,8.3,4,52,13,11,3,5,9.3,86.9
465,58.9,0.6,5.6,5.3,7.4,0,8.64,7,43,1,21.8,4,49,14,14,1,2,12.5,100.0
466,38.0,4.5,6.1,4.5,7.5,5,4.67,11,42,7,10.7,4,42,12,13,6,2,15.2,91.0
467,67.5,0.4,6.9,6.3,5.1,4,11.1,9,41,12,22.7,4,5,16,11,1,3,14.5,92.4
468,81.5,5.9,5.7,5.9,7.1,5,15.67,10,39,1,5.4,1,22,13,12,3,2,6.0,84.6
469,64.3,7.1,4.3,6.7,8.7,1,13.75,7,41,3,9.4,6,59,22,10,6,2,1.6,94.2
470,70.1,2.5,8.1,6.1,8.1,4,10.81,6,41,3,15.6,2,39,11,6,6,2,12.6,91.4
471,42.7,3.5,5.8,4.5,5.6,2,1.93,12,40,14,2.5,1,4,22,7,1,0,7.4,99.6
472,75.2,5.8,6.5,6.0,8.5,4,14.76,9,32,21,14.2,1,19,10,13,1,3,5.5,96.4
473,56.0,4.2,5.9,5.2,6.7,2,9.09,4,49,19,10.1,5,60,17,10,4,1,10.1,84.5
474,64.3,3.2,7.5,6.5,6.2,0,12.2,8,42,11,6.3,0,34,10,14,2,1,3.9,91.0
475,56.9,3.8,4.9,3.8,5.9,2,7.61,5,36,15,8.5,0,50,13,11,2,3,4.7,99.6
476,52.5,3.2,4.9,5.1,7.6,4,5.73,9,37,11,25.0,5,31,13,19,6,3,8.0,97.9
477,64.9,0.2,4.7,5.0,6.5,2,8.08,10,37,17,10.9,3,10,9,12,5,1,16.9,96.2
478,58.8,11.3,5.9,4.9,7.3,3,13.26,9,44,5,3.0,0,45,16,14,3,1,1.0,94.7
479,62.9,9.3,7.1,4.7,6.1,4,9.64,4,51,12,11.8,3,11,19,10,3,0,4.2,91.8
480,47.7,5.9,5.6,7.7,6.4,5,4.82,11,52,9,1.2,4,13,13,16,6,0,12.5,88.0
481,79.9,0.9,5.4,4.5,7.0,3,19.17,13,38,11,7.7,4,60,15,8,1,0,5.1,97.8
482,58.7,3.9,5.0,5.1,7.0,4,10.39,7,46,15,10.5,1,15,16,6,4,1,3.4,95.8
483,61.0,9.8,6.9,4.3,6.0,2,13.02,9,49,1,1.0,3,46,15,8,2,3,7.0,91.3
484,49.9,0.6,4.7,6.5,6.5,1,6.4,11,35,17,11.0,1,12,8,13,1,3,15.4,99.6
485,57.2,0.6,4.4,4.9,5.9,1,9.82,3,32,0,4.5,5,52,9,10,4,2,9.7,94.0
486,61.6,3.0,5.9,5.2,6.6,2,12.36,13,26,20,20.0,2,51,16,4,6,5,11.3,93.3
487,43.2,2.8,4.9,3.7,4.5,1,4.8,7,43,17,5.9,2,53,17,17,5,1,2.1,85.0
488,59.5,0.4,7.9,6.2,5.6,0,11.51,4,35,6,3.1,2,18,16,10,5,1,2.0,100.0
489,78.6,2.2,6.8,7.3,8.0,3,13.15,12,43,7,6.3,2,54,15,13,1,3,8.6,88.4
490,33.4,11.6,5.2,2.7,6.8,4,6.99,12,43,18,5.6,6,9,14,10,3,3,13.5,86.5
491,36.7,4.2,6.8,4.3,6.5,5,3.21,9,46,13,5.3,6,6,13,9,5,3,3.8,100.0
492,67.0,7.7,6.8,6.0,4.8,1,12.22,10,55,19,2.8,4,5,12,10,1,3,3.6,94.6
493,52.6,2.4,5.5,6.2,6.7,4,5.14,8,41,0,12.4,1,15,22,14,5,3,1.0,98.3
494,53.1,5.5,6.0,5.1,6.1,1,8.73,7,43,7,2.8,3,39,14,11,4,2,1.4,91.9
495,63.6,0.2,6.4,6.9,5.7,5,11.24,9,43,21,3.7,3,25,12,14,6,2,11.0,92.7
496,68.1,5.0,5.9,5.4,8.5,2,10.29,5,41,19,9.4,2,39,15,17,1,1,8.3,96.9
497,38.8,3.3,7.3,5.5,3.9,4,1.76,9,47,19,3.0,2,20,19,12,5,0,10.3,88.0
498,41.2,7.3,5.0,5.9,6.7,1,7.75,11,37,21,19.9,2,34,14,5,2,2,10.8,89.3
499,68.1,2.1,6.4,5.4,8.0,4,9.68,12,47,15,2.1,1,55,12,11,4,2,5.7,89.9
500,70.8,3.2,6.7,7.7,8.0,1,10.11,6,35,20,6.6,6,58,15,13,2,2,1.7,100.0
501,54.3,9.7,5.9,5.3,7.3,5,9.4,11,42,1,13.5,3,39,17,8,1,2,12.4,83.6
502,55.1,4.4,8.3,7.1,6.8,5,4.75,8,46,13,1.2,4,60,13,11,3,1,4.6,93.8
503,67.7,2.2,4.5,5.1,6.2,3,14.64,16,38,17,8.8,2,26,11,17,3,1,17.0,91.2
504,58.5,1.7,5.2,5.6,6.9,5,10.38,12,42,13,3.7,1,35,17,9,5,2,2.2,94.1
505,46.4,8.6,7.5,6.2,6.5,1,5.45,11,44,8,18.9,2,53,13,11,4,1,6.0,99.6
506,72.0,2.8,6.0,5.7,6.4,1,11.74,10,44,21,9.6,2,47,12,12,3,2,5.8,83.4
507,53.0,0.7,4.9,5.6,6.6,3,11.5,8,47,7,6.7,2,36,8,17,5,1,13.4,84.5
508,51.9,2.1,6.0,5.5,8.0,5,5.86,10,53,13,12.1,0,55,18,8,5,2,9.6,85.4
509,46.2,3.1,7.7,8.0,6.5,3,0.46,4,33,21,16.0,3,48,19,12,2,2,5.1,100.0
510,46.4,8.6,5.1,5.1,5.5,3,10.89,11,43,12,5.0,1,51,17,10,6,1,7.2,92.0
511,55.8,5.7,8.7,8.2,4.9,3,6.79,8,39,13,6.0,3,3,10,14,6,5,1.1,91.8
512,51.4,3.5,7.2,4.9,6.8,4,5.95,6,40,4,2.6,3,13,15,8,4,3,23.2,86.0
513,30.9,8.2,5.8,6.3,3.8,4,4.1,14,47,20,19.6,4,26,14,11,4,2,9.2,86.8
514,69.1,4.2,7.2,7.0,8.0,4,10.16,5,52,21,2.5,3,40,15,8,4,2,3.6,96.4
515,43.8,2.8,5.8,6.4,5.3,0,8.63,6,51,20,14.0,2,7,9,12,2,0,12.8,91.7
516,62.4,10.1,6.4,9.6,7.1,0,9.41,8,29,15,9.0,4,33,8,7,5,1,4.5,100.0
517,52.9,5.0,5.3,7.4,8.4,1,6.09,14,40,17,1.2,3,31,12,10,6,4,15.2,93.4
518,34.9,7.0,3.7,4.7,7.4,2,3.74,8,39,16,27.2,2,24,15,12,1,1,14.2,94.9
519,49.9,2.1,4.6,5.8,8.6,0,10.4,5,48,9,17.8,1,27,6,11,4,1,6.7,98.2
520,61.4,2.2,5.1,4.7,9.9,1,7.59,7,38,13,15.8,5,41,17,17,2,0,9.5,96.3
521,63.9,11.4,6.7,7.2,7.7,0,12.09,17,51,9,5.0,2,7,16,5,6,5,10.4,96.3
522,48.3,5.4,5.9,3.8,4.9,5,6.32,10,31,2,5.3,1,19,16,12,3,1,1.0,95.9
523,52.1,7.6,6.3,6.3,8.6,0,6.04,7,42,10,18.6,1,46,15,14,5,3,9.3,100.0
524,57.2,4.4,7.0,4.4,7.1,2,6.31,11,42,3,1.6,3,4,11,14,5,2,1.9,93.1
525,61.9,1.7,6.1,7.4,8.2,4,10.46,8,50,10,12.3,0,57,8,6,3,3,6.3,94.6
526,57.5,3.8,7.0,6.2,8.1,2,5.69,6,49,6,10.3,3,41,15,17,3,0,4.0,91.6
527,66.6,4.0,6.1,4.0,5.0,2,14.36,10,36,8,22.4,2,1,13,7,1,1,3.1,95.3
528,57.3,7.2,5.1,4.8,8.3,3,9.58,7,39,9,4.2,5,8,13,7,6,3,13.2,100.0
529,45.5,2.6,4.7,5.2,5.2,0,8.7,12,41,3,26.7,1,52,21,8,4,3,3.8,87.3
530,50.1,5.4,6.3,5.1,6.1,4,12.06,6,43,9,6.9,2,52,18,8,2,1,3.5,88.9
531,58.4,1.3,5.2,7.7,4.4,2,7.86,7,36,1,5.8,5,21,18,12,3,1,0.7,92.5
532,64.1,3.0,5.9,6.4,8.5,3,8.33,10,35,4,9.1,1,21,14,6,2,3,4.4,99.2
533,64.3,1.6,6.1,5.3,6.1,3,8.19,10,39,19,12.5,7,56,15,7,3,1,4.0,99.7
534,35.1,5.2,4.4,3.5,6.9,5,8.47,12,39,9,19.8,4,29,18,15,6,2,10.7,91.5
535,62.1,11.1,5.8,6.3,3.8,3,11.5,11,41,11,7.9,3,20,11,14,5,2,11.7,95.1
536,60.0,3.7,5.9,6.4,5.2,1,8.82,10,38,21,1.7,1,30,11,10,2,2,8.7,95.0
537,71.9,5.4,8.2,7.6,7.4,0,9.26,2,40,3,27.2,2,36,12,8,5,0,5.4,97.4
538,52.5,4.3,7.6,5.9,8.1,3,1.97,6,53,17,0.9,4,57,15,15,4,4,10.7,95.6
539,53.6,3.3,4.9,4.1,6.2,5,10.06,8,50,20,2.3,6,12,14,15,2,2,6.9,91.5
540,50.4,12.2,6.8,6.4,5.1,0,9.04,11,41,2,2.4,3,39,17,9,1,2,3.3,94.0
541,57.4,5.1,7.4,6.9,6.1,3,3.58,15,52,7,11.7,1,58,7,16,2,0,9.4,86.9
542,54.1,2.3,4.4,3.7,6.5,0,14.93,3,49,15,4.5,4,47,18,10,2,2,6.5,87.9
543,49.8,3.1,4.9,4.6,6.8,0,11.15,6,60,16,1.1,1,16,17,4,6,4,17.6,93.4
544,58.3,8.8,5.7,5.6,6.2,0,13.89,10,35,2,5.5,2,2,8,6,4,3,12.0,90.6
545,78.6,0.4,6.6,6.2,8.2,5,12.67,9,43,16,2.9,1,3,17,14,6,3,1.6,99.3
546,53.0,0.9,5.0,6.5,5.2,5,7.07,9,31,10,5.6,4,60,15,13,1,1,1.8,90.0
547,44.5,7.9,5.4,1.9,7.2,3,9.79,14,35,19,1.0,0,28,7,12,6,2,7.9,86.8
548,49.0,10.6,6.4,8.1,6.9,1,9.48,7,40,19,0.6,5,49,8,11,6,3,4.3,90.3
549,50.8,1.2,5.0,4.6,7.7,1,7.42,5,32,13,2.3,2,18,11,12,3,4,2.3,91.1
550,52.3,4.0,7.2,5.6,4.5,4,4.64,16,46,12,10.5,3,21,9,11,5,0,14.0,100.0
551,81.9,8.2,8.7,6.2,6.1,1,14.92,13,40,0,19.0,4,18,16,13,6,3,2.4,90.9
552,53.7,4.8,6.1,6.0,6.8,1,6.47,10,56,7,3.0,3,29,17,13,6,0,0.7,85.7
553,52.4,8.1,6.6,4.7,7.7,1,9.94,11,43,9,1.1,1,32,12,7,2,1,12.2,91.7
554,60.0,9.1,7.8,6.6,6.7,0,12.67,6,41,5,5.7,4,27,21,14,4,1,9.2,94.1
555,50.6,7.4,5.0,5.7,7.7,2,6.06,5,32,19,24.5,4,46,16,11,6,3,6.2,90.5
556,68.9,0.2,7.8,7.0,6.4,1,8.88,10,32,9,5.9,3,29,13,17,5,1,10.2,89.6
557,56.2,3.6,5.0,5.3,5.9,2,13.66,9,55,5,1.5,1,60,14,8,4,1,6.6,98.3
558,59.0,1.1,7.3,5.6,4.6,4,12.08,16,48,20,2.1,4,18,22,9,3,1,14.8,86.0
559,50.5,1.3,5.0,3.7,7.8,3,3.6,9,40,4,14.4,3,18,18,11,2,5,15.8,95.3
560,46.3,4.3,6.5,4.4,10.0,1,3.54,12,36,18,13.5,5,16,14,6,2,4,5.8,93.9
561,68.2,4.7,6.7,6.1,4.2,1,13.66,8,39,9,11.6,4,9,18,3,1,3,8.0,87.4
562,54.5,4.9,5.7,6.2,5.9,1,7.07,13,50,4,5.2,2,43,12,9,2,2,2.2,96.8
563,46.8,9.2,5.0,3.5,5.1,0,11.54,10,36,17,4.3,4,41,10,16,6,3,12.7,97.4
564,52.8,5.8,6.6,8.1,6.8,1,4.33,9,39,16,5.3,3,32,14,16,5,1,6.3,87.2
565,64.2,0.1,5.8,7.2,9.2,1,13.59,6,43,15,10.7,1,30,4,15,3,2,8.6,94.3
566,55.7,10.4,7.0,7.1,5.9,5,11.47,6,41,13,4.2,0,5,16,15,6,4,2.1,97.8
567,43.0,6.4,4.0,3.4,8.2,4,8.43,6,50,16,7.5,1,58,15,14,3,4,6.3,83.5
568,45.4,4.1,4.7,4.4,6.6,0,12.91,6,37,11,3.8,3,2,13,11,2,2,3.5,85.4
569,58.2,1.5,5.1,6.7,5.0,1,7.22,5,39,1,6.4,2,49,14,10,5,1,5.0,82.7
570,74.5,4.5,7.8,7.5,5.1,5,9.98,10,36,20,10.2,2,41,18,14,5,3,9.6,96.3
571,51.8,0.7,5.2,3.5,7.9,4,11.28,6,33,15,33.5,3,28,18,6,5,0,5.2,99.2
572,48.6,6.1,3.6,4.6,6.0,4,12.85,9,39,8,8.9,1,53,15,10,1,0,5.4,89.1
573,38.1,10.2,4.6,5.4,8.5,0,6.56,8,45,16,12.0,6,21,16,8,5,1,8.0,91.8
574,68.1,6.5,6.0,7.1,7.1,3,12.79,8,39,21,7.0,1,26,9,13,1,1,1.2,95.3
575,55.2,4.0,5.9,5.3,7.0,0,8.81,8,26,19,1.7,3,24,10,8,3,1,12.0,100.0
576,62.3,6.0,7.0,6.1,4.9,2,9.98,8,51,8,11.3,4,56,12,15,5,1,5.7,95.8
577,58.7,12.4,7.5,6.0,6.0,2,9.44,8,36,12,0.7,2,35,14,15,1,1,6.1,96.7
578,69.9,6.0,8.7,5.3,3.9,3,7.2,11,46,7,4.4,3,1,17,15,6,2,1.2,93.5
579,45.8,4.9,7.9,6.5,7.2,5,9.34,13,46,10,9.2,3,9,9,12,1,2,7.5,92.8
580,43.1,3.6,6.9,6.6,6.3,0,6.47,10,41,12,3.4,1,32,9,17,5,0,2.5,100.0
581,56.5,2.7,4.7,4.7,8.5,2,11.31,15,46,8,9.3,1,8,8,18,4,5,7.0,95.4
582,44.9,7.8,5.9,5.5,5.6,0,9.16,12,50,20,15.3,2,42,20,6,5,3,10.6,92.3
583,51.5,1.9,5.8,4.2,6.8,1,12.02,10,47,1,3.5,2,24,18,14,4,2,8.7,91.7
584,50.2,1.0,6.3,5.2,5.8,4,4.26,6,39,13,2.0,2,4,11,10,5,3,10.3,85.3
585,53.0,5.6,5.2,7.3,7.8,4,5.39,11,43,12,7.7,4,37,16,13,3,0,12.1,91.5
586,36.6,8.6,6.3,5.2,4.8,0,5.81,13,52,17,10.1,4,44,16,17,4,1,10.3,99.6
587,46.5,4.2,6.4,6.3,6.5,0,10.7,8,42,20,3.3,3,35,15,14,4,2,3.0,94.8
588,49.3,8.1,6.3,6.2,5.9,2,5.59,16,43,9,3.3,4,18,14,8,4,0,11.0,100.0
589,59.1,2.4,8.1,7.1,3.4,4,7.54,13,42,14,5.9,2,34,16,10,3,1,3.5,97.2
590,52.3,1.1,6.3,4.3,5.2,0,10.47,7,50,1,2.7,5,34,14,9,6,1,5.2,94.2
591,58.7,4.1,6.4,5.4,8.3,2,7.58,14,40,1,13.2,4,21,21,10,5,2,3.3,89.4
592,59.9,7.4,6.8,6.2,8.0,3,11.33,6,29,21,3.8,1,9,23,11,2,2,6.7,85.9
593,33.6,13.4,5.0,4.6,6.3,1,6.43,5,46,6,21.3,2,40,12,11,4,1,2.4,100.0
594,63.0,4.8,6.9,5.5,8.6,1,7.44,15,44,9,7.6,1,41,15,12,2,5,15.1,90.5
595,54.1,3.7,4.0,4.2,7.1,1,16.11,8,40,3,19.9,3,19,15,13,1,3,6.4,86.8
596,42.5,3.0,6.3,5.4,7.5,4,6.71,17,41,6,7.6,1,9,13,13,3,2,5.8,84.1
597,47.2,7.8,5.6,4.7,6.5,3,6.34,12,48,1,5.5,3,52,17,8,2,3,16.6,88.7
598,11.4,38.0,5.3,4.0,5.4,2,10.69,8,47,10,10.3,2,32,13,15,4,3,2.2,98.6
599,39.5,38.0,6.1,6.2,6.3,0,7.31,10,39,16,0.9,2,44,16,5,3,1,15.4,100.0
600,38.9,38.0,6.9,8.2,8.4,3,3.96,3,29,11,31.0,3,29,15,15,5,1,3.4,88.1
