empleado_id,objetivos_cumplidos_pct,entregas_a_tiempo_pct,tareas_cerradas_mes,horas_foco_semana,evaluacion_lider,okr_score,retrabajos_mes,evaluacion_pares,minutos_mentoria_mes,revisiones_a_otros_mes,iniciativas_internas_anio
1,63,96,37,22.8,4.6,0.81,1,4.1,195,13,1
2,91,87,35,27.1,4.3,0.77,3,4.1,136,13,2
3,78,89,43,18.6,3.8,0.75,3,2.7,25,7,0
4,65,63,14,13.2,2.6,0.56,4,4.2,291,19,2
5,74,78,36,18.1,3.3,0.63,3,2.7,0,2,1
6,71,68,21,19.7,3.4,0.69,2,4.3,228,23,3
7,83,86,40,17.7,3.4,0.62,3,4.1,99,18,3
8,59,71,22,10.8,3.1,0.56,4,3.1,250,9,1
9,91,77,34,26.3,3.1,0.82,2,3.2,176,10,1
10,66,65,32,13.6,2.3,0.71,5,4.2,213,21,2
11,56,77,27,14.6,3.8,0.48,7,4.4,224,20,5
12,68,90,39,18.7,3.9,0.65,3,4.1,230,20,3
13,91,97,46,22.5,4.5,0.83,2,3.9,303,18,3
14,85,92,36,22.5,4.1,0.76,2,2.8,0,4,1
15,85,89,43,19.6,4.3,0.73,1,3.0,149,18,0
16,90,86,48,18.8,3.8,0.79,2,4.6,279,24,2
17,76,89,29,18.4,3.2,0.68,4,3.6,189,10,3
18,81,80,35,18.2,3.3,0.63,3,3.9,155,17,4
19,78,76,29,14.5,3.0,0.67,4,4.3,198,18,3
20,90,81,23,18.7,3.8,0.66,2,4.2,165,15,2
21,80,82,37,20.7,3.8,0.65,3,3.0,165,0,2
22,66,82,33,19.1,2.7,0.64,3,4.0,54,8,1
23,69,81,41,21.9,4.2,0.78,4,4.0,0,2,3
24,89,92,34,20.9,4.0,0.7,2,4.4,253,15,3
25,95,96,44,20.5,4.3,0.88,4,4.2,228,16,1
26,80,87,39,22.0,4.1,0.83,2,3.7,250,11,2
27,96,95,50,23.8,4.1,0.7,2,4.5,177,14,2
28,72,81,33,17.8,3.7,0.55,2,3.9,220,14,4
29,81,86,30,14.5,3.3,0.8,3,3.1,71,13,1
30,78,74,32,24.0,4.3,0.6,1,4.1,166,15,1
31,61,60,25,12.6,2.7,0.53,4,3.2,0,7,0
32,83,89,46,24.7,4.2,0.67,1,3.5,0,3,1
33,86,93,41,21.8,4.2,0.78,0,4.4,220,15,1
34,60,79,33,17.0,2.8,0.6,5,4.0,133,13,0
35,70,86,31,14.2,3.9,0.67,5,3.9,147,12,1
36,74,74,43,17.5,3.7,0.63,3,4.3,72,15,3
37,84,81,39,19.4,3.9,0.75,3,4.5,310,29,3
38,86,84,38,16.1,3.9,0.81,2,2.2,0,1,0
39,81,93,41,14.0,4.2,0.79,2,3.8,131,11,3
40,82,81,34,22.0,4.3,0.7,3,3.4,40,9,3
41,69,69,16,16.3,3.4,0.56,5,3.6,8,0,0
42,75,83,28,17.4,3.5,0.72,5,4.0,88,22,5
43,96,95,39,15.3,3.6,0.82,3,3.7,226,23,1
44,80,86,25,21.7,3.1,0.72,3,4.2,157,27,4
45,88,93,35,20.7,4.1,0.55,2,3.7,163,17,2
46,61,70,32,11.0,2.7,0.67,5,1.9,114,10,0
47,89,92,37,19.7,3.7,0.76,3,4.1,108,14,1
48,68,80,31,21.4,3.2,0.73,2,2.9,121,14,2
49,77,83,24,14.5,3.8,0.69,3,4.4,195,27,3
50,79,92,28,22.4,3.2,0.55,2,4.2,169,10,3
51,69,77,31,8.6,3.4,0.67,3,3.3,160,7,2
52,87,83,32,22.5,4.1,0.78,2,4.5,237,19,1
53,81,87,36,22.0,3.6,0.68,4,4.1,217,16,3
54,57,72,34,17.7,2.3,0.66,4,3.4,97,18,2
55,68,74,27,11.6,2.7,0.58,5,2.5,120,7,1
56,88,90,41,23.4,4.3,0.72,2,3.4,167,18,2
57,67,92,31,20.2,3.8,0.5,2,3.6,115,7,2
58,71,85,22,17.6,3.5,0.58,2,3.3,58,6,1
59,65,60,29,15.6,3.0,0.5,2,4.7,182,13,2
60,63,87,28,18.1,3.6,0.51,3,3.6,165,13,0
61,75,68,31,12.5,3.9,0.55,2,2.5,138,10,2
62,88,69,38,19.5,4.0,0.72,2,2.1,121,10,2
63,61,70,21,17.6,2.7,0.49,5,3.9,160,14,3
64,63,73,11,14.2,2.4,0.47,6,2.8,118,15,2
65,67,77,20,10.2,2.5,0.41,2,3.3,0,4,1
66,81,76,31,22.0,3.8,0.77,2,3.7,44,17,1
67,69,82,21,20.8,3.7,0.64,2,4.1,252,10,2
68,75,81,38,16.3,3.9,0.66,5,4.5,235,17,2
69,86,80,39,18.1,4.0,0.58,2,3.4,171,10,0
70,84,93,48,20.9,4.2,0.83,1,3.2,67,19,3
71,81,94,37,20.3,4.5,0.77,1,4.3,236,28,3
72,86,82,30,18.9,3.7,0.81,2,3.8,211,16,4
73,66,69,23,18.9,2.6,0.58,3,3.6,157,10,2
74,88,85,29,17.4,3.7,0.84,3,3.0,0,7,1
75,76,89,42,20.7,4.0,0.7,3,3.5,126,10,2
76,71,74,29,17.3,3.6,0.67,4,3.5,192,14,1
77,69,78,16,11.9,3.5,0.55,5,2.6,96,8,0
78,90,86,29,18.4,4.6,0.8,1,4.1,250,16,3
79,73,81,44,19.9,3.6,0.75,4,3.3,229,15,3
80,97,95,46,19.1,4.4,0.85,0,4.3,167,16,2
81,50,81,29,17.9,3.0,0.49,6,4.7,184,18,1
82,87,87,29,19.8,4.1,0.64,2,4.0,53,5,3
83,86,76,30,15.7,4.0,0.6,4,3.5,143,22,3
84,73,62,22,13.6,4.1,0.61,2,2.5,184,10,1
85,79,38,23,11.8,3.1,0.6,5,3.6,136,15,0
86,84,87,33,20.8,3.8,0.78,3,3.9,149,14,4
87,81,86,29,21.2,4.0,0.75,5,3.2,231,17,2
88,47,49,20,11.7,2.9,0.41,5,3.1,162,3,1
89,88,83,34,19.7,3.6,0.69,2,3.7,179,9,2
90,72,70,18,16.2,3.6,0.5,4,3.8,220,8,1
91,79,90,17,17.9,3.8,0.77,4,3.3,73,11,0
92,54,61,26,15.3,2.6,0.7,5,3.3,82,6,2
93,92,83,45,23.7,4.5,0.77,1,2.5,137,11,2
94,95,93,47,26.7,4.4,0.91,0,4.7,269,16,6
95,90,92,50,22.1,3.9,0.79,3,4.4,258,24,4
96,68,84,24,15.3,3.7,0.57,2,3.9,295,18,2
97,76,75,32,16.7,3.5,0.59,4,4.2,60,10,1
98,73,69,30,18.4,3.9,0.6,3,4.4,198,21,3
99,85,88,41,17.0,4.5,0.84,6,3.3,52,13,0
100,67,55,32,16.4,3.2,0.69,5,3.8,144,18,4
101,67,69,35,20.5,3.7,0.58,3,3.3,145,10,2
102,87,86,43,21.5,4.3,0.83,2,3.7,96,15,3
103,78,92,28,19.6,4.3,0.79,2,4.0,185,16,2
104,70,85,23,12.0,2.8,0.64,5,3.9,51,7,0
105,92,92,42,23.4,3.8,0.71,1,4.0,158,15,1
106,68,63,30,18.5,3.2,0.7,4,4.3,263,21,2
107,86,89,43,22.9,4.0,0.79,2,3.8,170,10,4
108,74,70,35,19.2,3.2,0.73,5,4.9,304,26,7
109,89,95,44,27.9,4.6,0.83,0,3.0,139,9,0
110,87,81,41,17.6,4.3,0.67,1,4.1,148,12,3
111,77,91,38,16.1,2.9,0.58,3,4.3,388,19,3
112,77,85,38,15.4,3.4,0.65,2,4.3,237,19,1
113,67,78,31,17.2,3.1,0.5,5,4.0,196,13,3
114,82,87,31,15.3,3.6,0.46,4,3.4,175,21,2
115,86,91,37,26.5,4.3,0.68,3,4.3,287,18,2
116,43,67,15,17.3,2.4,0.76,5,3.2,75,14,2
117,74,83,32,18.3,3.4,0.81,1,3.9,140,22,3
118,53,71,25,14.7,2.8,0.62,4,3.6,171,10,1
119,78,79,30,19.2,3.5,0.68,4,3.5,109,13,2
120,73,88,29,20.8,3.1,0.74,1,4.0,186,17,3
121,74,64,26,13.3,4.1,0.75,2,4.3,212,21,4
122,73,63,33,15.9,3.3,0.68,5,4.2,119,13,0
123,73,67,25,16.3,2.6,0.44,4,3.9,174,15,2
124,78,82,29,22.5,3.6,0.68,4,3.7,153,12,1
125,64,62,24,14.6,1.9,0.42,2,4.1,235,23,2
126,91,91,33,20.2,4.2,0.72,2,4.4,271,15,4
127,61,70,23,16.4,2.5,0.54,4,4.4,219,25,2
128,88,83,43,18.3,4.5,0.78,1,4.5,162,19,0
129,76,80,28,18.0,4.3,0.68,5,3.7,57,8,1
130,81,90,25,17.4,3.7,0.66,4,3.5,209,15,4
131,76,72,35,19.8,3.4,0.71,4,2.6,47,9,2
132,67,65,23,12.8,2.6,0.67,1,4.1,10,11,4
133,83,80,38,22.4,4.2,0.62,4,4.4,199,25,1
134,89,92,29,21.0,4.3,0.79,2,4.2,387,12,2
135,79,88,30,19.2,4.1,0.66,2,4.0,97,23,2
136,76,78,25,19.1,4.0,0.66,1,3.7,163,9,1
137,88,91,41,22.5,3.5,0.84,3,4.2,184,11,4
138,58,71,25,13.4,2.9,0.58,5,3.3,5,10,2
139,63,76,29,11.2,4.0,0.53,4,2.7,46,15,0
140,71,82,31,22.8,4.0,0.75,3,3.3,36,8,3
141,78,91,44,23.0,4.0,0.77,1,3.0,17,4,0
142,80,87,39,15.5,4.0,0.64,5,4.2,79,20,2
143,85,97,44,22.4,4.4,0.81,0,3.3,76,14,2
144,83,84,31,19.6,3.6,0.58,4,4.5,242,17,5
145,71,85,16,17.9,3.7,0.52,4,3.6,142,22,3
146,69,73,30,18.9,3.6,0.56,3,4.4,189,8,2
147,77,96,37,15.0,3.1,0.75,1,4.3,411,25,2
148,66,75,33,21.3,3.1,0.74,4,3.4,0,16,0
149,75,83,31,12.1,2.8,0.63,4,3.6,179,16,1
150,74,87,34,14.9,3.3,0.77,3,4.4,283,24,4
151,66,78,30,14.5,3.0,0.69,2,3.2,42,8,1
152,76,55,25,10.3,3.1,0.58,3,3.8,182,21,2
153,83,90,35,20.9,4.2,0.73,1,3.9,144,17,1
154,46,60,25,10.1,1.7,0.48,6,4.5,197,22,2
155,59,58,30,15.8,3.2,0.75,5,4.3,157,14,2
156,79,83,25,17.0,3.0,0.56,4,4.0,51,5,0
157,92,91,44,23.3,4.2,0.76,2,3.7,289,21,3
158,68,88,13,14.8,2.3,0.54,2,3.6,113,14,1
159,94,94,54,23.7,4.7,0.85,1,2.6,111,5,2
160,52,81,21,19.1,3.5,0.62,5,3.7,72,12,1
161,55,51,12,9.0,1.9,0.46,5,3.8,194,24,2
162,81,77,25,14.4,2.5,0.67,5,3.3,215,12,1
163,70,75,48,15.2,3.7,0.69,4,4.1,56,9,3
164,80,85,30,16.5,3.8,0.45,1,3.9,90,6,2
165,77,83,35,21.0,3.7,0.65,4,4.3,244,28,5
166,50,57,23,15.6,2.9,0.49,3,3.7,215,17,6
167,88,90,43,21.9,3.3,0.71,1,3.3,71,2,0
168,63,64,18,14.2,2.3,0.47,3,3.4,11,14,1
169,76,83,41,20.6,3.8,0.7,5,4.0,289,8,2
170,82,95,51,20.5,4.7,0.91,1,3.8,124,9,1
171,88,84,31,16.1,4.2,0.79,2,3.9,59,10,2
172,57,79,25,14.2,3.4,0.65,5,3.1,0,13,1
173,72,85,38,16.1,4.1,0.84,2,4.1,228,15,3
174,91,94,43,20.8,4.6,0.85,3,4.4,153,20,2
175,74,85,32,16.2,3.6,0.6,2,4.0,202,15,2
176,80,93,28,14.2,3.9,0.71,2,2.6,193,8,2
177,89,78,36,21.3,3.7,0.91,3,3.8,86,13,3
178,54,53,10,10.6,1.7,0.45,5,3.2,129,11,3
179,85,90,40,20.2,3.9,0.67,1,4.7,208,15,3
180,92,92,46,18.8,4.4,0.74,2,4.5,361,24,3
181,65,83,30,20.5,3.3,0.72,3,4.4,246,19,4
182,83,86,44,21.6,3.8,0.7,3,4.0,102,16,2
183,82,86,34,21.4,3.9,0.7,2,4.1,66,14,2
184,84,85,35,22.8,3.3,0.67,1,4.1,193,18,2
185,21,20,2,11.0,1.5,0.37,7,4.3,357,21,2
186,81,83,33,19.4,4.1,0.62,3,4.2,164,20,2
187,86,93,41,23.1,3.9,0.72,1,3.3,230,20,2
188,82,83,19,14.4,3.6,0.69,3,3.5,92,13,2
189,94,87,41,23.2,3.9,0.85,3,4.3,180,10,2
190,72,50,28,16.2,3.0,0.62,4,3.1,91,14,2
191,61,68,15,12.5,2.7,0.42,5,2.9,0,4,1
192,73,87,35,22.0,2.2,0.59,4,4.0,170,19,2
193,53,63,20,12.7,2.4,0.47,4,3.0,138,7,2
194,82,89,41,19.2,3.0,0.85,2,3.5,103,13,1
195,91,95,49,19.9,4.1,0.83,1,2.8,0,14,2
196,66,73,33,21.5,3.1,0.64,5,4.2,55,12,2
197,90,85,49,22.4,4.0,0.77,2,3.2,190,21,2
198,64,76,35,16.1,3.3,0.52,2,2.9,43,0,0
199,84,86,37,23.0,4.1,0.76,4,3.4,144,7,2
200,89,95,46,23.0,4.5,0.89,0,4.4,306,18,4
201,67,86,35,13.2,3.3,0.65,3,3.9,152,18,4
202,74,61,21,17.0,2.6,0.62,4,4.0,147,8,2
203,67,71,27,19.7,3.1,0.66,4,3.1,52,12,1
204,82,89,37,22.6,4.2,0.78,2,4.4,162,11,1
205,59,69,19,14.6,3.3,0.6,2,3.3,72,0,0
206,86,90,40,18.1,3.6,0.66,3,4.1,230,17,0
207,52,47,29,11.6,1.8,0.61,3,3.7,150,15,2
208,84,89,34,22.5,3.7,0.8,3,3.3,12,3,2
209,67,76,18,12.3,2.9,0.45,4,4.2,136,12,4
210,73,67,14,14.4,2.3,0.56,4,3.2,176,11,1
211,59,74,22,14.5,2.5,0.64,4,3.3,55,8,0
212,78,89,35,16.1,3.8,0.69,4,2.1,10,6,1
213,84,82,41,20.1,4.4,0.72,4,3.4,49,15,2
214,74,77,25,17.0,3.5,0.46,5,4.3,119,20,2
215,86,87,38,21.7,4.4,0.68,2,3.4,31,15,0
216,91,77,46,21.0,4.0,0.73,4,3.3,176,15,1
217,89,90,45,21.9,4.3,0.73,1,3.1,221,6,3
218,66,82,27,18.2,2.5,0.57,6,4.0,78,14,2
219,75,84,29,18.1,3.9,0.76,2,4.2,257,14,3
220,79,83,37,16.7,4.5,0.71,3,4.1,186,14,2
221,91,98,53,23.0,4.8,0.92,1,3.2,175,16,4
222,91,81,34,22.4,3.4,0.79,0,4.6,147,14,1
223,96,96,47,23.8,4.6,0.93,1,4.2,237,23,1
224,72,83,25,26.1,3.3,0.65,4,3.9,184,13,0
225,86,85,45,23.5,4.4,0.65,2,3.7,13,14,0
226,69,58,24,17.2,2.4,0.55,3,3.9,324,14,3
227,50,63,12,8.5,2.8,0.57,7,3.3,13,17,0
228,82,79,30,20.8,3.3,0.77,4,3.7,56,6,0
229,71,69,33,18.4,3.2,0.67,4,4.0,295,26,4
230,63,74,25,14.9,3.5,0.58,3,3.5,300,15,4
231,82,90,34,18.2,4.1,0.75,2,3.9,212,13,3
232,58,80,30,11.1,3.7,0.72,4,4.5,123,17,3
233,89,73,22,15.1,3.6,0.61,1,4.1,206,29,3
234,64,67,18,12.0,2.7,0.6,3,4.4,183,23,3
235,82,65,32,17.7,3.6,0.71,3,3.5,70,12,1
236,85,86,25,19.2,3.7,0.73,2,3.7,73,21,3
237,62,88,29,19.4,3.7,0.71,3,3.9,104,5,3
238,67,89,32,20.1,4.4,0.76,2,3.4,39,20,1
239,78,77,34,21.1,3.1,0.65,2,4.2,160,18,4
240,89,82,39,20.4,4.5,0.72,1,3.3,226,9,3
241,86,93,39,20.3,4.3,0.77,1,4.7,345,21,6
242,48,69,25,11.3,3.0,0.74,3,3.3,4,7,3
243,81,86,37,18.3,3.7,0.79,4,4.8,216,23,3
244,74,67,19,20.5,3.1,0.62,5,4.1,94,10,2
245,89,90,41,25.0,3.6,0.83,2,4.0,140,19,3
246,49,65,29,15.3,3.2,0.62,3,3.3,163,5,3
247,61,78,19,13.3,3.3,0.53,3,3.5,180,14,2
248,77,76,35,17.9,2.8,0.73,4,3.5,173,17,2
249,65,61,1,10.4,2.1,0.45,3,4.0,184,13,2
250,83,84,30,18.6,3.9,0.63,3,4.0,62,13,1
251,80,84,43,22.6,3.6,0.77,3,3.5,187,14,4
252,56,82,23,12.0,3.5,0.45,4,3.1,107,13,3
253,90,81,35,17.3,3.9,0.7,2,3.7,223,16,1
254,87,88,45,14.4,4.2,0.73,1,3.4,92,19,2
255,61,61,25,19.6,3.0,0.64,3,4.4,224,25,3
256,80,75,31,18.7,3.4,0.68,6,2.8,95,14,0
257,53,68,22,13.7,2.6,0.38,6,4.4,285,22,3
258,81,85,31,19.8,3.6,0.77,2,3.5,62,5,1
259,58,52,17,16.2,2.4,0.58,6,3.3,126,15,2
260,81,89,47,21.0,4.1,0.81,1,4.0,133,13,1
261,88,85,39,17.3,3.7,0.59,3,3.7,88,16,1
262,82,86,29,16.1,4.2,0.63,2,3.3,85,3,2
263,68,78,33,16.4,2.9,0.7,1,4.3,210,14,1
264,70,82,20,22.6,3.7,0.6,3,3.4,100,5,1
265,63,83,30,18.4,4.1,0.71,3,4.2,112,12,1
266,90,92,31,20.5,4.5,0.82,2,3.0,0,6,2
267,93,91,46,26.0,4.7,0.9,0,4.3,179,21,3
268,86,91,30,17.8,3.5,0.63,3,3.4,171,18,4
269,79,74,23,16.4,2.7,0.46,4,4.3,295,20,4
270,87,92,43,20.1,4.2,0.81,1,3.8,0,6,0
271,90,91,42,25.6,4.5,0.87,2,4.1,232,19,3
272,94,92,35,25.4,3.9,0.86,0,4.5,65,22,3
273,82,84,42,18.8,3.4,0.55,3,3.8,123,14,2
274,75,79,36,19.4,3.4,0.62,2,4.0,41,21,1
275,69,86,26,19.3,3.0,0.68,4,4.5,244,20,2
276,75,83,19,14.9,3.2,0.74,4,3.9,122,14,4
277,83,79,40,19.2,4.1,0.67,2,4.5,253,23,1
278,50,85,34,12.0,2.3,0.58,4,3.5,102,5,0
279,81,87,33,18.6,3.8,0.68,3,3.9,103,11,3
280,81,86,31,17.7,2.6,0.51,5,3.5,99,3,2
281,91,84,38,16.1,3.5,0.69,4,4.1,200,19,3
282,44,70,17,16.2,2.7,0.44,2,3.4,27,5,1
283,64,81,33,11.7,2.3,0.5,4,4.7,196,22,4
284,71,70,33,14.0,3.7,0.68,4,3.4,54,10,4
285,92,89,36,24.1,4.3,0.78,3,3.5,83,8,3
286,88,85,39,22.3,3.8,0.71,3,4.8,252,18,2
287,87,96,18,14.7,3.0,0.63,1,2.8,79,5,2
288,89,86,40,20.9,4.5,0.72,2,2.4,38,9,0
289,81,80,41,14.0,4.0,0.68,5,3.8,0,12,1
290,84,90,31,21.3,4.2,0.73,3,3.6,182,22,1
291,87,90,28,25.0,4.0,0.8,0,3.7,108,9,3
292,89,84,38,16.9,3.8,0.8,3,4.0,151,17,3
293,62,84,18,15.1,3.3,0.62,3,3.9,118,16,2
294,87,89,37,18.1,4.1,0.81,1,3.5,112,0,1
295,71,84,27,13.0,3.3,0.75,2,4.0,44,17,3
296,75,72,27,12.7,3.4,0.6,3,4.2,204,12,4
297,60,66,23,15.1,2.8,0.54,6,4.1,15,7,3
298,88,91,35,19.0,4.1,0.71,3,3.5,144,3,2
299,51,62,14,11.1,2.5,0.54,4,2.9,21,3,0
300,66,79,31,21.3,3.9,0.53,3,4.1,177,18,2
301,70,86,31,17.3,2.6,0.51,3,3.5,188,8,1
302,78,90,32,15.2,3.9,0.65,4,4.7,301,20,4
303,88,84,31,19.9,3.8,0.7,2,3.7,213,19,1
304,80,85,28,22.5,3.9,0.71,4,4.2,112,24,1
305,88,87,30,15.8,4.3,0.82,2,4.4,101,15,2
306,92,93,41,19.2,4.4,0.74,1,4.4,255,23,3
307,45,61,14,8.8,2.1,0.43,5,3.3,138,6,1
308,91,91,35,23.6,4.5,0.76,2,4.3,138,12,2
309,58,87,29,20.6,4.3,0.54,3,3.9,158,20,1
310,62,76,28,20.5,3.2,0.62,3,4.4,279,17,4
311,68,68,24,14.9,2.2,0.58,4,4.1,56,10,2
312,93,85,39,22.9,4.1,0.82,3,3.9,268,16,3
313,86,90,42,21.9,3.4,0.77,3,2.4,55,7,2
314,60,71,26,13.4,2.5,0.56,4,3.6,138,13,0
315,81,89,29,15.6,4.1,0.69,1,3.4,237,18,2
316,87,92,48,22.1,4.3,0.49,4,4.2,212,18,4
317,40,46,14,9.3,2.3,0.53,6,2.3,133,12,1
318,81,86,44,13.0,3.6,0.62,5,3.8,162,24,3
319,85,76,36,18.3,3.9,0.66,1,3.5,114,14,0
320,84,84,38,25.2,3.7,0.64,2,4.3,157,17,2
321,86,91,46,24.4,4.2,0.83,2,3.2,190,14,3
322,62,65,30,12.4,3.7,0.56,4,3.8,142,12,1
323,54,82,29,18.2,3.5,0.6,5,3.5,133,12,3
324,87,95,45,23.8,4.2,0.79,0,3.5,213,15,3
325,54,69,22,15.2,2.5,0.61,4,3.9,316,13,3
326,91,87,28,14.0,3.9,0.58,1,3.7,114,11,0
327,78,80,30,19.3,3.5,0.77,2,3.9,272,12,1
328,87,92,44,21.0,4.4,0.7,3,3.4,120,18,3
329,62,82,25,19.4,3.1,0.48,4,4.0,221,8,4
330,94,92,38,27.2,4.7,0.84,1,3.5,163,16,2
331,68,53,19,12.5,2.9,0.53,4,3.8,0,10,1
332,93,84,43,19.4,3.8,0.8,2,4.1,246,24,1
333,81,84,32,15.0,2.7,0.59,4,4.0,161,10,2
334,90,94,28,14.6,3.0,0.74,2,3.5,331,23,3
335,68,65,12,13.9,3.0,0.64,5,4.0,277,10,2
336,49,68,24,14.3,1.8,0.59,4,3.9,154,20,2
337,39,71,18,10.5,2.3,0.36,2,2.8,34,8,0
338,87,87,31,24.3,3.7,0.77,2,2.7,103,16,1
339,78,76,33,14.1,3.1,0.37,2,3.5,192,17,3
340,63,60,28,13.9,2.6,0.36,3,3.3,70,19,1
341,81,76,29,18.4,3.1,0.65,3,4.1,164,19,1
342,86,82,51,19.7,4.4,0.77,0,3.0,135,14,1
343,67,83,29,16.8,3.1,0.77,4,3.6,120,18,2
344,76,64,18,18.8,3.1,0.7,4,4.5,309,26,3
345,76,65,20,15.4,3.2,0.74,5,3.7,72,6,2
346,79,89,49,22.3,4.5,0.68,1,3.6,143,9,3
347,82,80,30,18.8,4.4,0.78,2,4.3,167,19,4
348,82,86,32,21.2,4.0,0.8,2,3.6,220,7,2
349,78,78,28,12.2,3.7,0.65,3,3.4,146,19,0
350,55,86,30,19.0,2.3,0.44,3,2.6,30,7,1
351,87,93,35,24.3,4.3,0.71,3,4.0,175,20,1
352,65,75,17,14.5,3.4,0.57,2,3.0,0,7,1
353,84,91,24,16.4,3.3,0.7,5,3.6,215,14,2
354,86,90,51,26.1,4.5,0.73,4,2.1,98,5,1
355,56,64,19,10.1,2.2,0.5,4,3.3,83,8,0
356,70,53,18,16.6,3.7,0.51,4,4.1,164,6,3
357,76,69,29,14.9,2.8,0.67,2,3.8,137,12,1
358,65,75,29,17.9,2.7,0.49,4,3.9,0,7,2
359,77,83,44,13.7,3.5,0.75,2,3.0,57,6,0
360,74,92,33,16.8,4.1,0.67,1,4.0,205,15,2
361,58,75,16,14.5,2.5,0.39,5,4.2,100,16,2
362,85,77,40,18.7,4.0,0.85,2,4.1,211,10,1
363,76,84,37,16.1,2.7,0.63,6,3.9,85,8,2
364,92,86,37,20.2,3.6,0.78,0,3.7,286,10,2
365,71,87,20,22.1,2.8,0.72,6,4.0,197,13,3
366,55,56,33,13.4,2.6,0.65,5,3.3,150,15,3
367,51,72,24,16.9,3.2,0.43,1,3.8,207,18,4
368,67,84,32,17.2,3.1,0.48,3,4.1,143,18,2
369,80,70,31,18.9,4.0,0.71,3,2.7,47,14,0
370,78,80,47,17.5,4.2,0.82,1,4.1,228,21,2
371,65,82,29,14.0,2.8,0.54,3,4.4,340,20,3
372,84,94,26,19.6,4.3,0.77,2,3.0,0,4,0
373,69,56,24,14.2,2.6,0.67,3,3.5,184,16,0
374,92,95,31,20.5,4.5,0.71,1,4.3,86,13,3
375,54,62,22,11.7,3.1,0.68,4,4.1,82,15,1
376,90,92,41,23.4,3.7,0.76,0,4.0,81,17,1
377,83,83,23,9.9,4.1,0.49,5,4.1,92,18,0
378,75,81,36,12.4,2.4,0.83,5,4.4,180,11,3
379,89,85,30,21.5,4.0,0.74,4,4.5,180,16,2
380,80,84,31,21.1,3.6,0.75,2,3.4,0,9,0
381,73,76,33,13.3,3.4,0.56,2,3.8,184,11,3
382,85,72,35,14.8,4.0,0.64,1,2.6,58,16,0
383,78,87,21,19.1,4.1,0.7,2,3.3,158,20,2
384,76,69,27,15.9,3.6,0.57,3,4.2,179,9,2
385,72,86,29,17.3,2.7,0.7,3,3.7,209,10,0
386,91,93,43,27.7,4.2,0.86,4,3.5,77,8,0
387,77,65,35,13.6,2.2,0.52,4,4.3,185,14,2
388,91,83,40,21.2,4.4,0.59,2,3.9,144,15,3
389,86,90,26,22.2,4.1,0.65,3,3.6,144,8,3
390,65,66,26,17.9,2.3,0.7,4,2.9,92,13,2
391,87,80,29,20.9,3.7,0.68,3,3.4,16,12,3
392,77,89,30,20.7,3.3,0.68,1,2.7,91,9,1
393,72,85,33,16.6,3.3,0.72,2,3.4,0,7,0
394,72,77,26,18.6,2.3,0.57,4,4.0,182,19,3
395,79,88,31,16.3,3.7,0.68,3,3.8,174,10,1
396,73,76,35,13.3,3.5,0.61,3,3.7,244,16,1
397,73,82,27,26.3,3.8,0.76,4,4.5,68,15,0
398,53,68,25,12.0,2.6,0.37,5,4.1,280,20,4
399,72,89,29,20.2,4.1,0.81,2,4.6,264,20,1
400,55,75,24,24.3,3.5,0.75,2,4.1,347,21,2
401,80,91,47,18.6,4.0,0.84,4,3.2,248,5,2
402,80,84,35,19.5,3.9,0.67,2,4.1,235,19,3
403,79,87,25,21.7,4.4,0.66,3,3.4,247,6,1
404,81,75,28,16.8,3.2,0.64,1,3.7,202,15,2
405,79,79,39,24.5,3.6,0.65,4,3.5,127,11,0
406,91,92,38,18.3,4.1,0.8,1,2.7,82,5,2
407,72,88,32,16.3,3.7,0.71,4,3.9,74,3,2
408,55,77,31,16.4,3.4,0.56,3,3.8,138,18,3
409,93,81,51,21.6,4.4,0.72,1,4.1,208,17,3
410,72,76,26,16.8,2.7,0.68,4,2.3,0,3,0
411,69,71,40,18.8,3.3,0.44,4,4.2,125,10,3
412,76,79,30,19.6,2.5,0.67,3,2.6,14,3,0
413,84,87,42,18.0,4.3,0.68,2,3.4,98,8,2
414,89,90,24,21.7,4.4,0.79,0,3.7,160,12,0
415,86,82,30,17.9,4.3,0.72,2,4.3,225,18,3
416,71,90,32,21.8,4.0,0.58,1,2.9,111,9,1
417,72,68,29,16.0,3.5,0.59,2,4.0,120,18,0
418,85,86,31,13.3,4.0,0.65,3,2.9,0,7,2
419,60,67,25,20.6,4.1,0.71,3,4.5,256,21,4
420,82,88,25,13.8,3.6,0.62,2,4.4,140,20,3
421,84,93,39,21.9,3.8,0.74,3,4.5,210,17,2
422,80,87,37,24.5,4.1,0.72,2,3.3,186,7,2
423,76,90,35,16.1,3.3,0.65,3,3.6,63,6,2
424,42,48,6,9.8,1.7,0.48,5,3.4,63,3,1
425,84,81,44,15.2,3.4,0.8,2,4.2,179,19,1
426,59,76,28,13.7,2.9,0.44,2,4.2,68,14,0
427,93,93,45,28.5,4.5,0.67,1,4.2,156,12,1
428,81,70,38,18.7,3.3,0.58,5,4.2,244,15,4
429,89,82,43,23.3,3.8,0.77,3,3.0,166,7,1
430,83,89,33,19.7,4.1,0.78,2,4.4,176,16,2
431,75,87,20,19.0,3.4,0.65,1,3.1,90,16,2
432,72,76,38,21.9,3.6,0.49,4,3.5,57,13,1
433,76,80,30,17.0,3.5,0.52,2,4.2,181,12,1
434,74,69,33,13.1,2.3,0.54,3,4.3,111,6,2
435,76,69,20,16.5,3.5,0.55,5,3.8,317,17,4
436,76,75,29,14.7,2.7,0.69,4,4.6,193,20,3
437,81,85,43,21.1,4.3,0.79,1,3.4,85,12,2
438,69,59,26,16.3,3.3,0.69,2,3.3,98,10,2
439,88,88,39,22.7,4.2,0.52,2,3.9,188,9,3
440,90,93,40,22.1,3.7,0.63,2,4.0,183,14,2
441,91,80,37,26.4,3.7,0.86,0,3.6,141,13,1
442,76,71,23,15.2,3.0,0.68,3,3.8,159,20,4
443,86,82,36,19.9,3.6,0.64,3,2.8,75,4,0
444,77,81,34,18.8,3.9,0.53,3,2.5,0,8,0
445,79,90,33,19.1,4.0,0.74,3,3.5,76,17,1
446,76,78,29,17.9,3.7,0.62,3,2.7,74,8,3
447,81,83,43,17.8,3.5,0.58,2,3.4,102,13,0
448,68,69,26,15.4,2.4,0.65,4,2.8,26,3,0
449,80,77,28,22.0,4.0,0.71,2,4.4,163,12,4
450,87,93,40,23.1,4.3,0.61,2,2.8,68,11,0
451,84,92,30,12.6,3.1,0.7,3,4.2,206,25,4
452,91,80,41,22.2,4.5,0.75,1,3.5,128,13,0
453,80,86,39,20.0,3.2,0.67,3,3.8,133,12,2
454,77,85,31,20.3,4.1,0.59,3,2.9,60,8,2
455,85,67,36,18.6,3.1,0.71,1,3.3,141,8,0
456,91,87,39,24.1,3.4,0.52,3,3.5,233,11,4
457,89,80,38,22.4,4.0,0.75,2,3.4,163,16,3
458,79,81,37,16.6,3.3,0.73,4,3.0,143,16,4
459,76,83,37,21.1,3.3,0.63,5,4.5,142,11,1
460,68,54,21,16.1,2.4,0.48,4,4.3,77,12,1
461,92,96,34,20.9,3.9,0.82,3,4.4,348,26,1
462,58,74,25,12.8,2.7,0.63,4,3.0,45,3,1
463,82,74,32,21.0,3.7,0.66,3,4.0,79,14,2
464,78,87,33,19.5,4.0,0.77,3,2.8,132,13,2
465,85,90,33,21.9,3.3,0.82,2,2.8,103,9,0
466,74,78,36,16.2,2.9,0.68,3,4.5,346,19,4
467,61,86,29,11.9,2.6,0.47,6,3.6,144,13,3
468,84,70,32,19.0,3.7,0.49,3,4.5,260,21,4
469,77,91,49,19.6,4.3,0.74,1,4.3,158,19,2
470,56,82,30,20.3,3.6,0.56,2,4.6,301,21,5
471,82,92,41,23.2,4.5,0.75,1,3.0,34,10,1
472,90,85,34,20.0,3.9,0.79,3,2.6,115,10,0
473,66,64,20,18.4,2.4,0.72,5,4.5,346,26,2
474,71,81,31,15.6,2.8,0.68,6,3.6,207,16,1
475,84,75,32,19.4,3.3,0.7,3,4.1,200,15,3
476,82,78,39,12.9,4.1,0.58,2,4.3,72,16,2
477,83,85,38,27.1,3.3,0.73,3,3.2,37,19,2
478,93,83,36,19.8,3.8,0.68,2,3.9,48,2,1
479,79,87,25,17.6,3.3,0.78,5,4.2,134,15,4
480,57,59,24,14.5,3.4,0.39,4,3.3,71,6,0
481,64,71,22,19.5,2.9,0.55,5,3.8,133,15,1
482,88,85,38,19.4,4.0,0.81,3,4.1,189,19,3
483,86,91,41,18.4,3.3,0.71,4,3.6,127,8,1
484,67,70,25,15.4,1.8,0.55,4,4.2,219,10,2
485,71,72,37,19.5,4.0,0.57,4,4.3,138,13,1
486,68,74,26,17.6,3.5,0.75,4,3.2,128,6,1
487,83,86,36,23.9,4.2,0.81,0,4.2,104,10,2
488,87,85,26,22.0,4.1,0.73,2,3.1,163,23,2
489,76,97,42,14.9,4.0,0.77,3,3.7,132,10,1
490,73,74,31,20.0,3.7,0.79,3,4.3,210,17,3
491,86,83,29,21.8,3.9,0.73,2,3.4,67,7,1
492,49,71,18,12.6,2.2,0.51,6,3.7,161,19,4
493,82,84,37,19.9,4.2,0.62,5,3.5,130,6,0
494,80,82,38,19.6,3.2,0.61,2,3.8,223,19,2
495,71,90,24,15.2,3.6,0.58,4,3.4,145,14,2
496,67,84,33,22.2,3.3,0.68,2,4.1,166,16,4
497,60,70,31,15.7,2.5,0.58,5,3.6,210,16,2
498,70,88,39,22.4,3.7,0.67,4,3.3,121,16,2
499,69,82,32,22.8,3.5,0.7,3,3.8,138,22,3
500,73,78,17,18.9,3.1,0.38,4,2.3,117,13,1
501,86,79,30,16.5,3.4,0.5,4,3.7,112,13,1
502,53,45,11,12.0,1.8,0.4,6,3.7,127,15,2
503,61,85,18,20.6,4.2,0.61,1,4.2,325,21,4
504,92,91,47,22.7,4.3,0.78,2,3.5,69,27,2
505,64,76,26,16.4,2.8,0.76,5,4.6,268,19,3
506,90,84,46,23.3,4.1,0.86,0,3.3,177,5,3
507,70,81,20,17.0,3.4,0.72,6,3.5,0,11,0
508,85,77,30,15.2,3.5,0.66,0,3.1,163,9,1
509,68,84,12,16.6,3.7,0.39,4,3.3,299,19,1
510,59,84,26,16.0,3.1,0.61,4,4.0,140,8,2
511,81,83,32,22.2,4.0,0.82,2,4.1,125,15,2
512,93,87,39,22.0,3.8,0.68,2,3.8,136,12,2
513,64,68,27,21.1,3.0,0.52,4,4.4,181,30,4
514,91,75,35,20.1,4.6,0.8,0,3.5,45,17,3
515,92,90,35,17.2,3.5,0.71,1,4.3,152,18,4
516,75,73,33,15.3,4.0,0.55,4,3.2,311,15,2
517,85,95,39,26.3,4.5,0.83,2,3.5,95,13,2
518,89,92,37,22.6,4.4,0.82,0,3.7,57,15,2
519,83,89,28,23.2,4.2,0.59,3,4.0,165,11,1
520,76,89,33,16.0,2.8,0.69,1,4.2,12,11,1
521,90,81,47,20.1,3.6,0.76,3,3.6,196,20,3
522,82,90,27,14.7,3.8,0.6,2,3.8,204,11,3
523,91,93,28,22.2,4.1,0.79,3,3.5,171,11,4
524,75,86,43,13.9,3.9,0.73,2,3.6,283,15,2
525,90,93,40,28.5,4.4,0.76,0,4.1,139,10,1
526,75,80,37,21.8,3.7,0.64,4,3.4,178,7,2
527,82,73,32,23.4,4.3,0.75,1,3.6,118,9,2
528,85,90,44,20.1,4.2,0.73,3,4.4,236,18,3
529,35,63,17,9.7,2.5,0.37,6,3.8,189,13,1
530,64,75,35,14.5,2.7,0.72,5,3.7,183,13,0
531,79,89,41,19.3,4.0,0.79,2,3.9,124,17,2
532,89,93,42,24.2,4.4,0.82,3,3.5,193,16,2
533,55,51,17,13.4,3.2,0.57,4,4.7,244,22,4
534,66,71,23,13.6,3.3,0.71,5,3.0,98,6,1
535,60,76,24,14.0,2.3,0.53,4,4.2,228,25,2
536,84,89,31,23.3,3.9,0.7,3,4.0,277,15,3
537,45,62,27,11.8,1.9,0.37,6,4.5,143,17,1
538,79,81,38,17.3,3.7,0.63,4,4.2,148,19,1
539,53,59,21,13.8,2.1,0.45,4,3.6,280,15,2
540,74,71,32,23.5,3.5,0.68,4,4.3,239,18,1
541,68,73,27,18.5,3.3,0.64,3,3.7,12,12,1
542,88,87,40,23.0,3.6,0.86,1,4.1,150,16,2
543,85,87,44,16.4,4.3,0.75,2,4.2,150,16,1
544,82,86,34,27.0,4.3,0.74,1,3.9,81,14,2
545,90,89,35,18.8,3.6,0.81,4,4.2,226,15,3
546,82,71,37,19.2,4.2,0.73,2,2.9,0,16,1
547,80,88,37,16.1,4.1,0.75,3,3.3,29,18,3
548,87,88,38,21.7,3.5,0.77,2,3.9,228,16,4
549,77,90,45,20.3,4.1,0.72,2,3.9,167,14,2
550,47,69,15,10.5,2.4,0.46,6,2.2,250,14,3
551,76,84,38,17.4,3.0,0.76,2,3.8,107,14,1
552,67,82,24,16.0,2.4,0.64,4,2.5,168,14,2
553,77,84,41,23.8,4.3,0.79,5,2.5,0,11,0
554,87,93,40,25.8,4.3,0.8,3,3.1,60,10,3
555,69,70,28,19.9,2.8,0.56,2,2.9,106,9,0
556,85,90,42,23.3,3.9,0.85,2,4.1,247,20,2
557,78,89,37,11.6,4.0,0.8,2,3.5,208,20,4
558,46,75,27,14.7,2.1,0.43,5,3.2,188,16,4
559,69,74,35,15.1,3.5,0.47,3,4.0,71,18,2
560,89,84,37,19.8,3.6,0.65,3,3.3,182,16,3
561,77,82,28,15.0,3.8,0.76,3,4.4,239,17,3
562,85,75,42,25.3,4.2,0.68,4,3.5,146,5,2
563,70,80,20,11.4,3.3,0.62,4,4.4,101,14,2
564,56,80,28,16.0,3.1,0.44,7,3.8,222,18,0
565,80,84,31,18.2,3.7,0.76,4,4.4,235,14,3
566,89,85,22,22.6,4.1,0.63,4,2.2,86,9,1
567,85,77,44,21.1,4.3,0.81,1,4.2,185,16,3
568,62,75,32,14.5,3.4,0.72,4,3.3,74,11,1
569,45,48,18,13.3,2.8,0.5,6,4.6,185,15,2
570,85,91,50,20.7,3.4,0.76,3,3.7,33,9,2
571,77,70,28,18.4,3.2,0.58,4,3.3,118,13,0
572,85,93,52,18.5,4.4,0.72,4,3.2,154,14,2
573,93,88,35,19.8,3.7,0.78,2,3.4,45,12,2
574,67,84,36,19.4,3.7,0.58,3,4.3,279,15,4
575,72,76,32,14.8,3.7,0.6,5,4.0,314,12,3
576,56,75,31,19.3,3.8,0.63,3,4.0,209,17,2
577,78,68,39,18.8,3.4,0.43,4,3.5,86,7,4
578,91,94,35,21.6,4.5,0.85,1,4.3,241,17,4
579,65,60,28,14.9,2.7,0.44,4,4.3,237,13,5
580,94,93,48,22.6,4.2,0.8,3,3.0,129,2,0
581,73,75,27,17.7,4.1,0.51,4,4.4,235,12,2
582,55,58,9,16.4,2.2,0.34,4,3.7,222,16,2
583,51,70,20,17.0,3.1,0.6,5,4.4,235,22,5
584,76,57,24,11.5,3.1,0.46,4,4.3,190,18,4
585,49,49,19,11.4,2.5,0.23,7,4.5,245,19,4
586,50,70,20,17.1,1.9,0.24,6,2.8,255,15,1
587,57,63,29,13.6,3.7,0.61,3,3.4,39,0,1
588,86,86,38,25.1,4.1,0.68,2,4.0,205,14,4
589,66,84,39,16.8,3.9,0.73,3,3.1,149,9,0
590,91,85,50,25.3,4.1,0.71,3,4.0,139,6,2
591,39,48,19,15.8,2.0,0.48,3,2.8,69,14,3
592,78,95,41,21.2,3.9,0.88,2,3.9,255,22,3
593,63,86,33,16.2,3.1,0.73,4,4.3,212,23,3
594,71,80,24,12.7,3.7,0.81,1,3.1,65,3,0
595,79,79,41,20.7,3.7,0.78,2,3.2,233,10,2
596,64,81,38,11.7,2.4,0.79,2,4.0,141,12,2
597,85,86,37,12.8,3.4,0.64,4,3.2,155,14,3
598,82,89,34,18.9,3.5,0.74,4,3.6,320,19,1
599,62,83,25,18.0,2.7,0.72,3,4.7,244,19,4
600,75,90,26,14.8,3.4,0.73,4,3.8,123,14,4
