empleado_id,faltas_mes,weeklys_perdidas,minutos_camara_weekly,renuncia
1,3,0,45.0,No
2,1,3,35.6,No
3,1,2,31.7,No
4,0,4,30.4,No
5,0,4,45.0,No
6,4,1,30.4,Si
7,1,0,30.9,No
8,0,1,34.5,No
9,0,0,38.5,No
10,1,1,34.9,No
11,1,5,26.8,Si
12,0,1,41.4,No
13,1,0,27.5,No
14,1,0,43.4,No
15,2,0,41.3,No
16,1,4,30.2,No
17,1,2,31.0,No
18,0,2,29.5,No
19,1,0,34.4,No
20,0,3,28.4,No
21,4,4,21.3,Si
22,2,3,34.6,No
23,0,1,34.1,No
24,0,4,36.2,No
25,0,0,28.8,No
26,3,1,34.6,No
27,3,3,34.4,No
28,0,2,25.0,Si
29,0,0,29.7,No
30,3,3,22.8,No
31,2,0,40.4,No
32,2,0,23.8,No
33,2,2,39.7,No
34,2,2,18.9,Si
35,4,3,28.5,No
36,0,2,29.0,No
37,1,0,39.2,No
38,1,1,22.4,No
39,0,5,41.1,No
40,2,0,35.5,No
41,0,2,22.3,No
42,1,2,24.3,No
43,1,2,45.0,No
44,1,2,28.8,Si
45,0,1,44.9,No
46,4,0,21.0,Si
47,2,1,27.8,No
48,5,3,13.3,Si
49,1,0,28.6,No
50,1,5,29.0,No
51,6,7,23.0,Si
52,3,1,27.4,No
53,2,1,34.9,No
54,0,6,21.5,No
55,3,3,14.7,Si
56,0,1,39.5,No
57,2,4,42.3,No
58,0,1,42.5,No
59,0,0,38.0,No
60,2,1,39.1,No
61,0,0,26.7,No
62,0,1,41.0,No
63,2,0,40.2,No
64,2,3,26.3,Si
65,1,0,41.2,No
66,0,0,27.2,Si
67,1,1,35.1,No
68,2,1,30.5,No
69,1,0,32.2,No
70,2,1,35.8,No
71,0,2,24.1,No
72,1,1,39.7,No
73,0,3,43.4,No
74,0,0,31.0,No
75,1,3,18.3,No
76,1,0,33.2,No
77,0,2,42.6,No
78,2,0,36.5,No
79,0,1,35.0,No
80,1,0,33.1,No
81,1,0,45.0,No
82,2,3,42.2,No
83,1,1,34.0,No
84,1,4,32.0,Si
85,3,4,26.6,Si
86,3,1,29.4,No
87,2,2,30.5,No
88,0,1,37.3,No
89,3,2,26.6,No
90,3,6,13.2,Si
91,1,1,28.2,No
92,3,5,25.3,Si
93,2,0,35.6,No
94,1,2,42.4,No
95,3,1,35.1,No
96,0,0,36.0,No
97,2,5,32.6,No
98,0,3,32.1,No
99,0,0,39.4,No
100,3,9,23.1,Si
101,0,2,42.6,No
102,1,0,28.6,No
103,1,2,31.6,No
104,1,1,28.2,No
105,1,1,27.6,No
106,2,1,34.6,No
107,0,2,32.2,No
108,3,0,42.1,No
109,0,2,42.5,No
110,2,0,31.3,No
111,1,2,31.2,No
112,1,1,37.0,No
113,1,2,38.0,No
114,0,2,34.9,No
115,0,1,45.0,No
116,4,9,21.6,Si
117,4,5,19.8,Si
118,0,4,24.3,Si
119,0,0,39.4,No
120,3,2,36.8,No
121,4,0,32.0,No
122,2,0,43.4,No
123,2,0,36.5,No
124,0,1,36.1,No
125,4,5,36.9,No
126,3,0,40.9,No
127,0,4,22.2,Si
128,1,1,31.1,No
129,2,6,15.1,Si
130,0,0,33.2,No
131,3,2,26.6,No
132,0,2,29.6,No
133,2,3,35.4,No
134,0,1,41.3,No
135,0,2,39.1,No
136,0,6,45.0,No
137,0,1,32.8,No
138,1,2,30.7,No
139,3,1,30.7,No
140,1,0,33.8,No
141,0,0,35.0,No
142,1,3,33.6,No
143,1,0,33.0,No
144,1,3,43.8,No
145,4,3,20.6,Si
146,2,3,35.1,No
147,0,3,27.6,No
148,0,1,32.6,No
149,2,2,41.8,No
150,1,1,39.2,No
151,1,5,28.4,No
152,1,3,17.7,Si
153,0,2,24.7,No
154,3,7,21.7,Si
155,0,1,45.0,No
156,1,2,42.7,No
157,1,0,31.2,No
158,1,0,38.9,No
159,1,1,32.5,No
160,1,8,18.1,Si
161,3,6,22.8,Si
162,0,2,26.8,No
163,1,0,35.4,No
164,2,1,32.1,No
165,4,0,33.6,No
166,0,2,32.9,No
167,1,2,45.0,No
168,3,3,24.4,Si
169,1,1,29.6,No
170,2,2,33.9,No
171,2,0,34.5,No
172,1,2,32.0,No
173,0,0,36.9,No
174,5,1,26.3,No
175,1,1,33.9,No
176,1,0,41.1,No
177,2,0,39.3,No
178,4,2,16.8,Si
179,2,3,40.3,No
180,1,0,33.6,No
181,2,0,42.3,No
182,0,1,31.7,No
183,0,1,34.1,No
184,1,4,30.6,No
185,4,6,24.2,Si
186,4,6,25.3,Si
187,0,2,29.7,No
188,1,4,30.0,No
189,2,2,42.0,No
190,1,0,33.2,No
191,2,3,43.2,No
192,0,0,40.2,No
193,3,4,15.4,Si
194,2,2,41.4,No
195,4,0,37.9,No
196,1,0,34.3,No
197,2,0,34.5,No
198,2,1,41.4,No
199,4,2,33.5,No
200,1,0,32.4,No
201,0,1,34.0,No
202,6,3,29.7,No
203,1,1,38.5,No
204,2,0,38.6,No
205,1,2,38.4,No
206,0,0,45.0,No
207,1,3,32.1,No
208,1,3,24.7,Si
209,1,0,37.9,No
210,2,2,32.0,No
211,1,6,17.9,Si
212,2,1,36.9,No
213,1,0,31.4,No
214,1,4,38.6,No
215,0,0,33.3,No
216,2,0,27.8,No
217,1,1,37.9,No
218,0,3,39.7,No
219,0,0,43.0,No
220,0,2,32.9,No
221,0,4,32.7,No
222,1,2,37.7,No
223,1,2,45.0,No
224,0,1,33.9,No
225,2,3,31.0,No
226,4,5,15.9,Si
227,3,7,26.0,Si
228,2,3,42.9,No
229,6,5,24.2,Si
230,3,5,27.8,Si
231,0,0,44.8,No
232,3,5,31.9,No
233,2,0,33.4,No
234,2,4,18.6,Si
235,2,0,38.8,No
236,0,2,45.0,No
237,3,0,28.9,No
238,0,2,35.3,No
239,1,6,30.0,No
240,1,2,44.5,No
241,1,0,39.3,No
242,3,2,24.3,Si
243,0,1,36.2,No
244,0,0,37.2,No
245,2,1,39.1,No
246,1,1,40.8,No
247,0,2,31.4,No
248,0,6,33.8,No
249,2,3,25.5,Si
250,1,1,37.9,No
251,0,1,35.2,No
252,1,3,24.5,No
253,3,2,32.3,No
254,1,1,34.8,No
255,1,8,16.3,Si
256,2,5,40.1,No
257,5,9,15.0,Si
258,1,0,35.0,No
259,2,2,40.8,No
260,4,0,41.5,No
261,3,3,24.1,No
262,0,1,40.1,No
263,0,2,39.1,No
264,3,7,19.9,Si
265,5,1,30.4,No
266,1,1,37.2,No
267,1,0,36.6,No
268,1,5,22.3,No
269,1,0,34.4,No
270,1,0,30.8,No
271,1,4,36.3,No
272,0,0,41.5,No
273,4,7,28.4,Si
274,0,0,38.6,No
275,3,0,34.8,No
276,0,0,37.8,No
277,1,1,41.9,No
278,3,3,18.6,Si
279,0,4,30.5,No
280,1,0,37.3,No
281,5,1,32.6,No
282,1,5,30.6,No
283,0,4,27.8,Si
284,0,0,29.8,No
285,2,2,32.7,No
286,2,2,43.9,No
287,0,2,31.0,No
288,0,1,26.8,No
289,2,0,30.4,No
290,1,2,29.6,No
291,1,2,32.6,No
292,1,1,36.7,No
293,5,2,22.6,No
294,0,1,39.1,No
295,0,0,40.1,No
296,1,4,18.2,Si
297,1,1,44.9,No
298,3,1,44.1,No
299,5,5,23.1,Si
300,0,4,39.7,No
301,1,0,36.1,No
302,2,0,35.0,No
303,1,0,35.5,No
304,1,4,38.8,No
305,3,3,25.2,No
306,0,0,40.2,No
307,2,7,17.0,Si
308,2,1,41.2,No
309,0,2,41.7,No
310,1,1,37.0,No
311,3,2,25.4,Si
312,3,1,33.3,No
313,0,1,29.4,No
314,4,1,22.8,Si
315,0,1,41.8,No
316,0,0,39.1,No
317,4,4,22.8,Si
318,1,1,31.8,No
319,1,0,37.1,No
320,0,0,37.8,No
321,4,0,36.4,No
322,5,2,31.3,Si
323,0,1,37.7,No
324,0,1,31.6,No
325,2,3,26.8,No
326,3,2,27.3,No
327,2,0,44.0,No
328,1,0,37.8,No
329,1,3,33.0,Si
330,1,4,34.1,No
331,0,2,30.8,No
332,0,0,36.7,No
333,1,2,38.4,No
334,5,5,22.4,Si
335,0,4,32.0,No
336,4,5,21.2,Si
337,2,4,22.1,Si
338,0,1,33.4,No
339,1,3,45.0,No
340,2,7,27.5,Si
341,2,2,33.6,No
342,2,4,35.9,No
343,0,0,37.8,No
344,1,0,28.1,No
345,1,2,32.0,No
346,1,0,39.7,No
347,3,2,35.7,No
348,0,3,39.6,No
349,2,1,38.1,No
350,0,5,38.6,Si
351,1,1,34.3,No
352,1,3,36.4,No
353,1,2,33.2,No
354,1,2,35.3,No
355,1,1,43.2,Si
356,3,1,36.2,No
357,3,7,19.8,Si
358,0,1,39.3,No
359,1,1,18.1,Si
360,1,3,40.7,No
361,0,3,38.5,No
362,0,0,32.2,No
363,3,2,28.4,Si
364,1,1,36.5,No
365,2,0,41.4,No
366,2,1,34.4,No
367,0,0,35.8,No
368,2,4,31.4,Si
369,0,1,39.9,No
370,0,1,33.6,No
371,0,0,34.0,No
372,0,5,39.3,No
373,5,1,33.4,No
374,0,3,41.3,No
375,0,1,38.8,No
376,2,1,28.7,No
377,3,3,30.7,No
378,1,0,34.5,No
379,0,2,34.1,No
380,1,0,37.8,No
381,1,0,31.2,No
382,1,2,33.8,No
383,1,0,41.3,No
384,2,0,35.4,No
385,2,0,30.9,No
386,2,1,31.5,No
387,1,3,25.3,Si
388,1,2,29.6,No
389,1,1,37.1,No
390,2,3,24.3,Si
391,1,4,38.9,No
392,1,6,39.5,No
393,2,0,30.1,No
394,0,1,39.5,No
395,0,0,41.0,No
396,0,1,36.1,No
397,2,0,38.3,No
398,1,3,30.4,No
399,0,2,40.6,No
400,2,3,20.7,Si
401,0,1,34.8,No
402,1,2,32.7,No
403,0,2,29.3,No
404,1,3,9.3,Si
405,3,3,24.8,Si
406,2,0,40.5,No
407,0,1,26.6,No
408,0,3,29.2,No
409,0,0,34.2,No
410,1,0,38.3,No
411,2,2,33.0,No
412,4,8,22.0,Si
413,3,0,36.6,No
414,1,2,38.6,No
415,0,3,38.5,No
416,4,1,21.9,Si
417,1,2,33.4,No
418,2,1,28.1,No
419,2,1,45.0,No
420,2,1,27.2,No
421,2,3,42.9,No
422,1,0,36.9,No
423,0,2,40.2,No
424,1,3,29.8,Si
425,1,1,38.5,No
426,2,2,33.4,No
427,2,1,30.0,No
428,2,0,36.9,No
429,1,5,25.1,No
430,0,0,42.2,No
431,0,0,27.7,No
432,2,1,30.7,No
433,3,2,27.0,Si
434,0,1,45.0,No
435,0,3,40.0,No
436,2,5,16.3,Si
437,0,4,38.7,No
438,5,4,22.9,Si
439,0,0,36.0,No
440,0,1,44.6,No
441,3,5,35.8,No
442,1,2,34.9,No
443,4,1,25.5,No
444,0,2,18.9,Si
445,0,0,36.8,No
446,0,0,39.6,No
447,1,0,37.5,No
448,2,0,32.0,No
449,0,3,36.0,No
450,0,0,32.0,No
451,2,2,36.5,No
452,3,3,36.3,No
453,1,1,31.0,No
454,0,1,36.1,No
455,0,1,39.5,No
456,0,0,27.2,No
457,2,1,35.2,No
458,4,5,24.1,Si
459,0,2,27.9,No
460,2,0,37.4,No
461,2,1,27.8,No
462,1,1,42.4,No
463,0,5,35.4,No
464,0,1,29.2,No
465,0,2,24.5,No
466,3,7,40.8,No
467,1,1,36.6,No
468,0,1,45.0,No
469,3,2,29.2,No
470,1,0,38.5,No
471,4,2,27.3,No
472,1,2,35.9,No
473,0,0,29.8,No
474,0,0,38.1,No
475,0,0,35.5,No
476,0,5,34.6,No
477,2,4,31.5,No
478,0,0,37.5,No
479,1,0,37.4,No
480,2,6,26.0,Si
481,0,2,41.0,No
482,1,2,38.2,No
483,0,2,30.9,No
484,3,5,31.6,Si
485,0,2,30.1,No
486,2,0,37.5,No
487,0,4,19.4,Si
488,0,1,42.2,No
489,1,1,32.4,No
490,0,0,29.1,No
491,4,4,22.5,No
492,1,2,29.7,Si
493,2,3,34.8,No
494,1,0,25.3,No
495,1,0,28.8,No
496,1,0,37.8,No
497,5,3,25.4,Si
498,1,4,38.9,No
499,1,0,29.7,No
500,1,1,27.1,No
501,2,5,24.6,Si
502,2,3,16.3,Si
503,2,1,41.5,No
504,0,0,39.5,No
505,0,3,23.1,No
506,4,1,35.9,No
507,1,0,35.1,No
508,3,6,21.8,Si
509,1,7,21.5,Si
510,2,2,38.3,No
511,2,2,35.4,No
512,0,0,33.8,No
513,6,5,28.5,Si
514,0,3,24.3,No
515,4,0,25.5,No
516,2,0,23.2,Si
517,1,4,32.6,No
518,2,2,30.1,No
519,0,0,39.6,No
520,0,1,37.0,No
521,0,3,42.1,No
522,1,1,34.2,No
523,1,0,31.2,No
524,1,0,24.2,No
525,3,1,37.5,No
526,4,1,37.4,No
527,0,0,41.7,No
528,0,0,29.7,No
529,2,2,25.5,Si
530,1,2,38.5,No
531,1,0,39.9,No
532,1,3,33.4,No
533,0,1,32.2,Si
534,1,2,38.4,No
535,0,0,37.7,No
536,1,5,32.9,No
537,1,3,21.5,No
538,5,7,28.3,Si
539,3,4,26.1,Si
540,0,1,38.5,No
541,1,4,33.5,No
542,1,0,37.6,No
543,1,0,38.8,No
544,1,0,33.8,No
545,2,0,43.9,No
546,1,2,44.6,No
547,0,3,41.0,No
548,0,4,32.6,No
549,1,2,26.2,No
550,1,2,26.5,Si
551,0,1,35.3,No
552,1,0,27.9,No
553,2,0,36.8,No
554,1,1,42.7,No
555,2,2,28.6,Si
556,0,2,38.6,No
557,0,0,45.0,No
558,1,2,36.7,No
559,0,4,29.5,No
560,2,3,29.0,No
561,1,1,35.5,No
562,0,4,39.2,No
563,2,1,45.0,No
564,4,5,18.3,Si
565,1,4,39.6,No
566,0,2,31.5,No
567,2,1,29.8,No
568,0,2,40.7,No
569,1,1,25.2,No
570,2,3,40.7,No
571,1,1,37.5,No
572,0,0,43.3,No
573,0,1,22.7,No
574,0,0,42.0,No
575,0,4,42.8,No
576,0,1,35.0,No
577,1,1,34.2,No
578,1,1,33.1,No
579,1,6,29.8,Si
580,1,1,45.0,No
581,0,0,37.5,No
582,3,3,29.9,Si
583,0,5,36.0,No
584,3,2,19.7,Si
585,3,3,26.5,Si
586,3,5,15.9,Si
587,2,3,34.0,No
588,2,3,24.8,No
589,2,2,36.9,No
590,0,0,40.6,No
591,5,5,21.1,Si
592,0,4,45.0,No
593,2,2,30.7,No
594,2,5,21.5,No
595,0,0,35.7,No
596,2,5,28.8,No
597,2,0,26.8,No
598,1,0,43.0,No
599,0,1,34.8,No
600,0,3,37.9,No
